hand	off
hand	off
watch	up
show	off
stop	off
wash	up
take	off
cut	off
tip	off
send	out
pull	off
sign	off
file	off
go	out
offer	up
check	off
shot	off
show	off
kill	off
kick	off
take	off
drop	off
get	off
set	off
squeeze	off
go	on
rinse	off
pay	off
break	out
pay	off
take	off
call	off
get	off
take	off
drop	off
slide	off
finish	off
go	off
back	down
take	off
set	down
back	off
pay	off
lay	off
come	off
show	off
head	off
jump	in
take	off
call	off
beat	off
go	off
look	out
lift	off
fall	over
shut	off
turn	off
turn	off
write	off
back	off
die	off
get	off
fire	off
pull	off
take	off
pay	off
come	off
blast	off
cut	off
send	off
take	off
sell	off
turn	off
set	off
kick	off
pinch	off
set	off
kick	off
wind	down
shrug	off
spin	off
come	off
take	off
cut	off
go	off
kick	off
take	off
kick	off
get	off
show	off
shrug	off
kick	off
throw	out
head	off
pay	off
take	on
take	off
seal	off
send	off
call	in
shut	off
set	off
sit	down
bent	over
buy	off
kill	off
shove	off
turn	off
take	off
take	off
lay	off
choke	off
figure	off
go	out
shave	off
square	off
drop	off
send	off
venture	off
keep	down
kick	off
show	off
pay	off
pay	off
take	off
set	up
set	off
show	off
hold	off
fire	off
hold	off
sell	off
tick	off
drop	off
hold	off
make	up
pull	off
bounce	off
tail	off
tell	off
turn	off
show	off
bring	along
die	off
turn	off
fall	off
drive	off
come	up
put	off
well	off
knock	off
face	off
shrug	off
well	off
shave	off
blow	off
cut	off
cut	off
show	off
spot	on
spin	off
deflect	off
face	off
rattle	off
head	off
set	up
put	up
fend	off
kick	off
set	up
strike	off
put	off
cut	off
catch	up
go	off
kick	off
read	off
bring	in
bring	in
blow	off
come	off
hold	off
show	off
work	off
cut	off
go	down
bite	off
clean	up
crash	off
cut	off
founder	off
rub	off
cool	off
cool	off
block	off
turn	off
get	off
spin	off
kick	off
hold	off
wall	off
go	off
cool	off
fix	up
pay	off
take	off
take	off
pay	off
play	off
set	off
bump	off
come	off
cut	off
show	off
come	in
fend	off
turn	off
touch	off
pull	off
give	off
turn	off
kick	off
put	off
get	off
kick	off
pull	off
round	out
turn	off
round	up
auction	off
give	off
cut	off
kick	off
take	off
come	off
hold	out
face	off
top	off
go	down
kick	off
play	off
polish	off
get	off
rip	off
scare	off
take	off
fourth	off
fresh	off
kick	off
stretchere	off
go	off
exit	off
lead	off
put	off
hold	off
get	off
hang	off
fight	off
lead	off
spin	off
turn	off
clatter	up
hack	off
leap	off
read	off
settle	off
show	off
clean	up
laugh	off
kick	off
put	off
play	off
take	off
switch	off
set	off
hold	off
pull	off
splash	down
turn	off
take	off
tee	off
get	off
take	off
show	off
set	off
venture	off
lift	off
peek	in
kick	off
take	off
fight	off
pay	off
set	off
kick	off
pull	off
get	off
skid	off
shut	off
siphon	off
scale	back
warm	up
start	off
kick	off
check	off
shave	off
believe	up
fall	off
cut	off
go	off
set	off
take	off
piss	off
turn	off
blow	off
pay	off
kick	off
take	off
give	off
hold	off
check	off
knock	out
rinse	off
power	off
blow	off
start	off
piss	off
wipe	off
pull	out
tail	off
want	off
put	off
fend	off
set	off
set	off
spin	off
speed	off
pull	off
shake	off
turn	out
face	off
shrug	off
shake	off
lay	off
lay	off
go	off
pull	off
fight	off
put	off
come	off
strike	out
hand	off
take	over
hold	off
skid	off
check	off
step	up
close	off
lay	off
come	out
lead	off
one	out
wander	off
rush	over
take	off
auction	off
sell	off
well	off
come	off
buy	off
fight	off
fight	off
sit	up
touch	off
dry	out
take	off
strike	off
close	off
open	up
come	off
stave	off
offer	up
pull	off
start	off
fight	off
scare	off
show	off
kick	off
kick	off
back	off
turn	off
play	off
call	off
walk	off
take	off
give	off
sell	off
touch	off
let	off
see	off
walk	off
turn	off
peel	off
squeeze	off
kick	off
put	off
go	on
lose	off
start	off
sign	off
cut	off
clear	off
run	out
go	down
switch	off
chop	off
show	off
sauce	off
hold	off
lie	off
kill	off
pass	off
cut	off
tee	off
cut	off
carry	out
lay	off
pick	up
fall	off
take	off
pay	off
pay	off
take	off
cut	off
snip	off
show	off
back	down
switch	off
get	off
go	up
be	off
take	off
cordone	off
block	off
slice	off
finish	off
kick	off
win	off
drop	off
tee	off
strike	out
come	in
pick	off
grow	up
take	off
hold	off
shut	off
shrug	off
send	off
cool	off
drop	off
lead	off
cap	off
stand	off
make	off
drive	in
push	down
take	off
cut	off
runner	up
show	off
reflect	off
show	off
fend	off
single	off
call	out
send	off
peel	off
lead	off
finish	off
take	off
cut	off
cut	off
marry	off
gallivant	off
drop	off
set	off
take	off
lay	out
reach	out
put	off
make	off
take	off
work	off
turn	off
dust	off
watch	up
hold	off
hold	off
tee	off
goof	off
laugh	off
lift	off
fight	off
take	off
run	off
turn	off
make	off
tip	off
taper	off
put	off
top	off
veer	off
lay	off
block	off
well	off
take	off
sell	off
fall	in
well	off
fire	off
kick	off
make	up
lay	off
cut	off
brush	off
seal	off
cut	off
lift	off
take	off
kick	off
go	off
fend	off
hand	off
drop	off
set	off
die	off
face	off
drop	down
drop	off
pull	off
put	in
take	over
gear	up
step	off
go	off
shrug	off
reel	off
drop	off
close	off
fend	off
go	off
cut	off
call	off
cut	off
tear	off
fend	off
lay	off
siphon	off
take	on
cover	up
profit	off
kick	off
shake	off
show	off
block	off
send	off
take	off
go	off
set	off
break	out
put	out
show	off
tick	off
shrug	off
take	off
haul	off
start	off
keep	off
send	off
lead	off
shrug	off
turn	off
round	out
put	down
run	off
run	off
run	off
run	off
run	off
run	off
call	off
kick	off
get	off
run	off
break	off
turn	off
kick	off
fend	off
fight	off
peel	off
hold	off
send	off
lay	off
explore	off
get	off
get	up
brush	off
show	off
lay	off
check	out
pull	off
cast	off
take	off
call	off
arrest	off
hold	off
take	out
show	off
sign	off
take	off
cut	off
show	up
turn	off
drop	off
shrug	off
hand	off
sell	off
cut	off
lay	off
turn	up
rope	off
take	off
set	off
sign	off
start	off
mooch	off
dust	off
tip	off
take	off
set	off
back	down
seal	off
cut	off
show	off
set	off
take	off
turn	off
scare	off
start	off
cue	up
eject	off
face	off
enjoy	off
round	off
go	off
kick	off
fend	off
pull	off
brew	off
drop	off
cordone	off
set	off
square	off
stretchere	off
roll	out
cut	off
pay	off
kick	off
play	off
rip	off
peel	off
head	off
call	off
pull	off
sign	off
take	off
lift	off
make	out
play	off
take	off
cap	off
hold	off
drop	off
call	off
turn	out
show	off
stave	off
take	off
set	off
walk	off
break	off
go	off
cordone	off
jump	off
kick	off
square	off
turn	over
take	off
set	off
turn	off
set	off
close	off
cut	off
send	off
fend	off
back	off
ward	off
kick	off
lay	off
turn	off
take	off
close	in
capsize	off
come	off
spin	off
back	off
snorkel	off
drop	off
place	down
ward	off
spin	off
shut	off
seal	off
back	off
face	off
show	off
check	out
wade	off
drop	off
rip	off
take	out
laugh	off
touch	off
seek	out
show	off
pull	off
airlift	out
fence	off
kick	off
come	off
kick	off
carry	off
rip	off
give	up
face	off
kick	off
get	out
sign	off
set	up
be	off
send	off
locate	off
head	off
go	off
shut	off
pull	off
finish	off
rip	off
set	off
set	off
head	off
cut	off
back	off
cut	off
auction	off
build	off
let	off
have	off
set	off
roll	off
shake	off
knock	off
lay	off
take	off
sign	off
get	off
drop	off
make	up
pick	off
push	down
ward	off
take	off
tee	off
block	off
pack	up
drive	off
set	off
kick	off
square	off
glance	off
show	off
take	off
take	off
ricochet	off
lop	off
come	up
rig	off
pay	off
kick	off
give	off
set	off
take	off
take	off
set	off
shunt	off
hustle	off
stave	off
drop	off
pick	up
cut	off
go	off
kick	off
stave	off
cap	off
pick	up
drive	off
start	off
lift	off
rip	off
seal	off
lay	off
show	off
take	off
pay	off
take	off
set	off
set	off
get	off
come	out
pull	off
go	off
echo	off
place	up
show	off
back	off
hold	on
put	off
cut	off
bounce	off
get	off
get	off
kick	off
fend	off
turn	off
hit	off
cut	down
show	off
face	off
hold	up
go	off
face	off
choke	off
lay	off
hold	off
come	in
lift	off
drop	off
knock	off
way	off
knock	off
feast	off
show	off
head	off
hand	out
drop	off
give	off
shrug	off
burn	off
lay	off
take	off
work	off
pay	off
day	off
fight	off
spin	off
back	off
put	off
sell	out
throw	off
show	off
fend	off
pick	up
show	off
lock	in
send	off
kill	off
stave	off
allow	off
much	off
come	off
drop	off
stave	off
pick	up
pay	off
show	off
take	off
sign	off
clean	up
call	off
kill	off
jump	off
go	on
show	off
cordone	off
clean	off
come	off
knock	off
drift	off
water	off
shut	off
choke	off
go	off
end	up
get	off
show	off
shake	off
take	off
catch	up
hang	on
spin	off
wake	up
get	off
reach	out
bring	in
take	off
face	off
well	off
get	off
drop	off
top	off
sit	out
cooling	off
wax	on
turn	off
drop	off
traipse	off
throw	off
show	up
pick	out
rip	off
pay	off
get	off
come	off
run	off
pick	up
drop	off
post	up
feed	off
turn	off
close	off
fend	off
force	off
write	off
rip	off
handing	over
catch	off
one	out
back	off
tick	off
run	off
lift	off
cordone	off
well	off
open	up
drop	off
well	off
cart	off
yank	out
wipe	off
show	off
tumble	off
hold	off
drop	off
check	off
turn	off
put	off
put	off
pay	off
well	off
put	on
come	off
roll	off
