over	Commons
off	coast
of	Wick
after	get
into	difficulty
to	safety
with	year
with	guitar
off	beat
by	HD
on	top
of	highlight
of	product
for	Friday
to	Hayes
at	Bridge
by	Magazine
with	million
of	piece
into	sea
off	Cornwall
off	area
from	pit
on	hillside
in	territory
of	district
at	campus
in	Fredericton
off	job
in	strike
above	all
in	dealing
with	Putin
across	Northeast
off	road
accord	to
to	official
foot	off
off	ground
near	top
of	ride
accord	to
to	police
in	Bluff
to	appointment
accord	to
to	document
to	investigation
to	arrest
for	ass
accord	to
to	source
by	use
in	camera
accord	to
to	statement
on	arrangement
to	term
for	Anglers
after	compete
of	passenger
to	Molokini
off	Maui
aboard	Scoop
to	local
on	list
into	seat
in	inning
with	shot
of	season
off	beam
in	competition
from	Halifax
by	capture
on	event
below	surface
off	beach
of	coral
of	fish
in	Paris
in	Paris
on	manager
at	group
off	pitch
to	guy
after	week
after	adjust
to	system
after	drop
at	airport
in	Newark
to	gate
after	end
for	champion
at	Wimbledon
to	start
in	bid
since	Perry
after	give
on	system
for	neighborhood
for	tour
after	shoot
from	Smith
in	July
in	NFL
after	yield
off	of
of	support
after	rinse
at	creek
at	house
after	ballgame
about	scene
onto	shoulder
of	player
off	field
in	run
off	floor
through	work
of	rehab
as	boy
in	Lithuania
of	plane
like	one
off	coast
of	Florida
in	December
on	Thursday
with	fare
of	rupee
for	flight
between	Bangalore
of	Goa
than	ticket
to	normal
on	Monday
with	handful
of	flight
during	weekend
in	city
of	Strip
for	cover
from	Florida
in	plane
in	cockpit
out	of
of	fuel
to	roster
by	Matheny
of	drop
behind	plate
for	Wednesday
for	commute
than	Bluetooth
of	day
in	fourth
off	of
of	Bailey
in	run
of	people
to	location
from	line
on	April
at	Marathon
of	it
in	piece
to	pad
on	foot
from	area
off	car
on	it
of	work
for	Hamlin
after	claim
in	luge
of	sticker
off	car
at	shop
along	with
with	skill
off	edge
off	chart
in	November
of	coach
to	championship
to	Connecticut
in	April
such	as
as	monitoring
of	moratorium
with	old
in	back
off	windshield
of	car
on	street
in	York
of	military
on	craft
on	Saturday
off	coast
off	Isle
of	Wight
in	England
by	emissary
in	August
between	States
since	then
for	Flight
in	Bay
of	Bengal
of	mile
from	zone
off	coast
by	people
in	vain
to	close
in	sky
over	head
in	time
to	music
off	unit
off	and
off	onto
like	post
off	gas
in	half
from	driver
over	ignition
because	of
because	behavior
through	that
as	blower
in	tell
on	neighbor
for	write
from	labor
in	sake
of	peace
of	Hezbollah
undeclare	desire
undeclare	and
undeclare	distance
to	Israel
from	Russia
with	house
to	extinction
on	planet
from	encroachment
due	to
due	concern
of	preen
for	slick
of	NFL
of	Miami
in	season
of	evidence
of	game
with	fail
right	into
into	back
of	car
of	car
for	Marin
along	with
with	control
in	point
in	post
off	helicopter
off	on
on	April
at	location
in	Iraq
to	property
off	Drive
after	receive
of	call
of	mouse
inside	capsule
atop	rocket
on	run
to	Station
from	Egypt
to	describe
as	prison
in	desert
to	court
on	feed
from	crowd
of	nation
off	coast
of	Africa
include	death
as	kind
of	intent
on	condemn
of	gene
with	smartphone
over	code
across	chip
to	phone
of	file
as	transmigration
of	number
of	people
off	Java
under	rule
of	effort
of	corner
from	burn
toward	area
in	Negev
off	land
off	med
of	wall
in	river
of	cascade
from	tree
for	sentencing
to	set
in	dump
on	September
at	Boeing
about	downturn
in	year
for	industry
in	drizzle
of	Interstate
in	Dallas
off	bridge
during	response
to	hospital
as	for
for	Massa
at	Stowe
into	barrier
by	get
on	track
at	end
of	which
as	for
for	Wootton
off	surgery
of	be
of	sign
on	deal
around	world
as	something
of	daredevil
to	gourmand
from	Seoul
of	effort
against	militant
to	group
in	memoir
on	show
in	Woods
on	July
to	rubble
to	war
despite	wind
off	foundation
on	Sunday
minute	after
after	take
from	Airport
on	flight
to	Singapore
for	permission
to	ft
from	ft
to	left
of	bomber
off	coastline
in	Sea
at	kick
on	Saturday
despite	illness
about	election
on	corner
of	Drive
at	Design
in	Vegas
at	booth
at	first
of	Aguigui
at	party
off	post
at	barrack
at	first
of	criticism
at	issue
of	Canada
by	Ontario
in	case
of	man
to	college
at	school
about	FAFSA
of	assistance
at	edge
of	district
off	job
at	airport
from	Perth
in	search
on	April
of	Force
at	flare
in	Ocean
on	Friday
during	operation
at	Beach
of	friend
in	water
off	north
of	Sydney
to	manufacturer
behind	wheel
in	Ocean
off	nation
of	Comoros
on	June
off	look
like	bird
with	character
about	kill
in	season
of	girl
on	trip
from	Thailand
for	punishment
for	rapist
in	net
off	coast
of	Maine
of	work
of	Patrol
off	pitch
to	tackle
base	on
on	datum
about	head
to	Beijing
on	Langkawi
in	Malaysia
off	trail
of	demonstration
of	Motors
in	California
for	dealer
for	year
because	of
because	role
in	Horn
of	Africa
on	country
to	arm
of	people
for	work
before	display
for	Open
for	time
in	history
from	tee
instead	of
of	go
off	first
off	line
in	advance
with	discount
for	month
over	issue
of	attack
of	hack
into	website
on	and
on	off
on	song
for	minute
at	yard
in	Longford
from	spot
just	before
before	halftime
with	card
for	charge
into	back
of	Pogba
during	week
of	treatment
at	hospital
in	Texas
like	german
least	in
in	theory
because	of
because	difference
with	Brazil
of	match
in	Germany
as	person
of	politicking
at	shop
of	year
in	Francisco
of	work
in	order
of	friend
off	road
in	Sulphur
on	market
for	piece
into	October
for	down
over	course
of	month
of	player
with	twin
in	period
on	Friday
in	second
off	turnover
as	Bear
on	Friday
to	victory
over	Colombia
at	Castelao
of	partying
at	HuffPost
of	material
off	canvas
off	and
off	towards
on	visit
to	state
in	Florida
for	Branstad
actually	off
right	off
off	bat
of	people
in	door
off	ground
from	network
to	coast
of	customer
in	business
of	time
off	field
in	meeting
about	scenario
off	frustration
with	memory
off	alcohol
into	territory
during	visit
of	speech
in	English
off	cuff
in	English
to	thousand
of	faithful
for	strike
from	government
about	estimate
of	downturn
into	investment
of	provision
that	against
include	tax
under	law
with	fault
in	indication
on	issue
during	visit
off	table
for	now
in	end
before	crowd
in	Miracle
in	Bern
of	amateur
from	Germany
in	case
totally	off
off	limit
to	public
off	face
at	risk
of	tail
after	year
of	expansion
as	app
such	as
as	draw
in	office
of	which
off	price
of	ticket
off	list
of	gadget
rather	than
than	die
among	teen
with	Facebook
in	tax
to	percent
from	percent
in	economy
for	quarter
follow	rush
of	purchase
without	hitch
time	before
with	Hadfield
in	car
to	Briere
back	in
around	post
around	and
around	off
for	Canadiens
in	game
for	period
because	of
because	challenge
in	isolation
of	contender
to	post
to	season
with	Leto
of	patient
like	co
like	McConaughey
in	Club
to	east
of	Crimea
in	cold
out	of
of	sight
to	start
at	unwillingness
by	book
through	website
of	inch
off	trail
into	water
by	ADAMU
by	FAUL
of	blast
at	site
in	Nigeria
of	explosion
by	control
from	highway
to	border
by	ignore
of	tastemaker
by	France
on	Conan
by	time
at	highrise
on	Way
of	decade
to	death
off	balcony
by	February
off	list
of	way
to	Cadillac
through	realignment
as	unit
to	City
before	trickle
through	leg
on	doorstep
with	team
through	period
with	save
on	Booth
off	rush
after	minute
in	anthem
at	expense
against	Oilers
in	opener
of	book
with	point
off	bench
for	York
in	point
over	city
of	Fairbanks
off	grid
into	car
in	daylight
on	June
in	Vegas
of	company
with	hundred
of	startup
near	Station
in	corner
of	development
off	Parkway
of	area
of	tsunamis
of	Shop
at	market
on	morning
after	put
for	month
for	bulk
of	this
from	most
of	making
in	House
to	he
to	ground
across	station
to	Austin
in	front
of	she
after	song
like	charm
for	I
off	coast
for	fishery
in	tourism
in	drove
on	Beach
of	alcohol
along	oceanfront
of	band
in	medium
as	say
off	lyric
in	handwriting
in	hour
of	season
of	course
of	medal
of	hardware
of	team
on	item
in	Ukraine
with	Russia
at	show
of	race
for	roadster
to	car
off	chest
off	drug
with	human
until	then
in	treat
by	phoenix
of	calorie
on	Interstate
in	Vegas
of	ear
during	fight
of	charge
off	road
in	effort
toward	clean
of	try
by	drive
into	Ocean
off	Beach
off	menu
in	system
because	of
because	guideline
from	resort
off	island
in	car
up	week
after	crash
about	child
in	airline
on	report
for	flight
to	Asia
for	Coast
from	sailboat
in	sea
in	Islands
of	white
to	light
in	day
of	summer
outside	or
outside	bad
with	water
such	as
as	by
by	spray
during	event
from	deep
off	coast
of	Singapore
over	comment
of	deal
with	revenue
on	present
off	porch
in	Lanes
on	December
after	hit
off	single
in	inning
against	Royals
of	organization
both	on
on	and
on	off
for	year
in	release
on	night
from	name
like	Williams
off	dribble
on	drive
through	lane
with	move
during	start
of	run
in	quarter
for	victory
as	principal
on	provide
from	chaos
despite	controversy
of	event
over	intervention
in	Ukraine
without	hitch
off	car
of	week
of	way
in	heat
of	they
as	eat
of	cream
about	happen
off	coast
of	grat
in	Breton
for	they
accord	to
to	group
of	study
off	shore
on	Thursday
in	region
for	good
off	coast
in	sighting
with	excitement
with	hotel
in	summer
with	vendor
in	Climb
on	Sales
by	Gibson
on	Monday
with	take
after	report
in	month
of	dice
directly	under
under	tree
until	flight
to	hotel
for	time
in	field
with	Morrison
in	month
of	country
in	effort
for	hacker
to	other
off	coast
of	Blair
of	sleuth
by	long
from	doctor
under	pressure
of	inflation
of	turn
into	something
of	phone
in	school
for	boycott
of	product
of	team
in	position
with	pull
in	home
off	step
at	centre
at	time
at	Centre
after	receive
of	era
for	Sears
without	end
off	set
in	May
for	Prokon
for	bankruptcy
of	proceeding
for	get
off	headstone
directly	above
above	headstone
on	engraving
of	shadow
of	minister
on	Monday
of	measure
until	summit
of	leader
to	start
with	change
of	fund
of	way
to	meetup
out	of
of	zone
behind	warehouse
off	limit
with	know
as	Entry
of	dancer
in	competition
into	centre
in	regalia
to	spot
on	pound
after	hijacking
in	which
of	terrorist
of	Board
on	refuge
at	which
of	dementia
to	spot
near	home
on	Island
just	off
off	coast
near	Vancouver
of	barbiturate
in	death
off	hook
with	vcs
in	case
as	employee
to	ira
with	lesson
on	procedure
from	there
off	planet
of	sailor
from	boat
in	Hope
in	search
for	fisherman
after	boat
in	freeze
off	Russia
in	twenty
in	and
in	dress
in	bear
in	shirt
against	official
in	talk
at	campus
off	coast
follow	shipwreck
in	which
off	island
of	Lampedusa
follow	this
of	go
on	show
in	Cup
of	Cup
with	match
for	well
of	Jordan
by	sack
in	half
of	province
in	Syria
off	limit
as	part
of	push
among	Muslims
for	instance
of	people
about	get
of	people
for	instance
in	Poker
as	be
of	fool
for	instance
from	to
for	Americans
with	website
than	crash
to	expansion
of	Abercrombie
off	end
with	developer
for	series
off	back
for	that
off	of
of	team
for	Leibrecht
off	road
of	student
from	dune
in	business
for	CNN
for	do
off	crisis
in	Ukraine
on	confidence
in	country
by	council
to	wage
for	worker
at	top
of	key
for	attempt
off	back
of	rim
by	talk
about	achievement
include	deficit
against	Germany
for	Brazil
at	weekend
after	week
of	preparation
against	Dons
in	puck
off	shot
after	Plekanec
at	it
in	head
give	asset
of	River
of	success
give	valuation
with	pull
off	table
in	cash
of	newsletter
off	tea
off	back
into	market
with	single
for	Ponson
at	Yards
in	Baltimore
in	York
for	year
on	impose
on	country
in	July
for	time
in	year
after	fail
with	fund
on	day
with	cut
on	verge
of	reach
on	Friday
at	midwicket
off	edge
behind	Huefner
in	race
for	silver
by	second
for	spot
on	podium
off	bench
over	Northwestern
of	yard
to	Harris
to	Brescacin
in	case
in	cot
at	first
around	house
on	ball
for	Cafeteros
at	Tournament
of	Cup
to	Colombia
off	scale
off	field
in	variety
of	way
than	Maradona
on	and
on	off
in	row
in	set
of	Falmouth
with	battle
after	conversion
from	meter
to	yard
of	time
in	state
with	eBay
off	Miliband
from	Labour
on	look
what	like
under	government
from	center
of	end
from	bottom
of	net
with	scissor
at	fan
before	cup
to	ear
in	search
of	noise
off	boat
with	beard
on	Majuro
by	telephone
of	game
just	before
before	buzzer
of	donor
on	camera
at	game
for	Championship
of	humor
in	aristocrat
off	street
between	Herrin
with	gun
off	season
in	Japan
with	record
off	tee
off	plane
in	end
about	Nation
in	Treaty
in	territory
with	live
off	reserve
against	Croatia
in	Paulo
for	month
through	pain
for	game
of	skill
in	outfit
on	ground
in	pain
on	stretcher
in	gunfight
with	force
in	car
for	other
in	Minnesota
for	variety
of	reason
of	scenery
as	tackle
off	field
before	try
on	it
to	Dome
on	operation
of	time
in	which
on	tire
of	craft
to	land
off	coast
like	lag
with	insulation
in	pipe
in	winter
in	garage
off	area
inside	home
from	Lake
from	off
off	reserve
in	hindsight
for	boy
at	Masters
in	direction
to	attendee
on	foot
off	tee
in	scoring
before	cut
off	street
for	selfie
on	Twitter
of	he
with	name
off	bridge
off	boat
in	incident
at	Cup
in	Caribbean
on	journey
before	demolish
after	hit
off	tee
into	bush
on	right
to	it
with	nose
on	ear
of	instability
in	Thailand
follow	confrontation
on	Christmas
on	Street
in	Oshawa
of	suv
of	pedestrian
into	altercation
after	miscue
off	Raza
of	mansion
of	leader
from	Democrats
to	Memorial
to	missing
in	style
in	period
in	States
about	spread
of	disease
of	people
in	Africa
to	form
at	Open
for	win
in	August
of	child
from	McMahon
to	start
on	night
after	shot
by	Benzema
off	goalkeeper
off	and
off	over
during	advantage
in	period
second	after
after	teammate
off	board
off	and
off	into
during	call
in	Mexico
through	slide
until	later
of	pipe
at	writing
off	medication
off	post
of	crowd
of	burden
off	of
of	teacher
with	scale
with	and
with	by
on	score
on	court
of	Birmingham
in	event
with	victory
over	US
over	McHale
with	service
of	he
in	town
by	provide
off	of
of	it
to	people
by	watch
to	employee
in	Pacific
far	off
off	coast
of	Mexico
to	land
in	third
in	eighth
off	Gibson
until	minute
in	area
after	that
on	cut
off	hinge
on	bench
to	security
with	prospect
of	weapon
in	Manhattan
after	Summit
in	Netherlands
from	Marcos
on	and
on	off
of	track
to	team
off	plane
in	Nashville
of	essay
with	essay
on	parenting
on	and
on	beyond
on	face
on	Davidson
in	house
of	world
in	term
of	piss
than	this
to	victory
by	hit
off	Buchholz
of	parking
on	list
off	cigarette
off	phone
at	home
to	Michigan
to	game
against	UCF
in	Dublin
off	list
of	suitor
off	coupon
during	day
in	way
from	scoring
as	position
by	crown
within	couple
of	second
without	have
in	passcode
in	house
than	promise
about	that
just	for
for	price
with	doorbuster
off	version
at	store
during	time
on	Thanksgiving
off	edge
of	water
at	lawn
behind	I
to	she
on	airplane
at	midnight
off	airplane
straight	to
to	house
on	door
exactly	like
like	that
on	thumb
after	month
about	here
with	putter
off	it
in	zone
to	put
to	many
into	play
to	Abe
on	verge
of	bankruptcy
of	body
for	this
of	week
off	of
of	foot
of	tweet
about	it
off	plane
off	duff
not	for
for	President
for	but
for	for
by	extension
by	fire
at	snow
during	II
on	London
as	Fire
of	London
with	Stockholm
off	coast
late	at
at	night
off	coast
about	cooker
as	Holland
of	Surrey
at	bottom
in	place
in	case
into	company
on	train
off	track
near	station
in	van
in	upset
on	Saturday
of	magic
in	likelihood
for	housing
at	RBS
in	Stamford
in	town
in	rally
with	supporter
of	they
in	interview
with	PBS
with	Rose
in	statement
in	confrontation
on	street
early	in
in	morning
of	July
in	car
of	city
off	road
in	report
for	workforce
for	month
by	total
in	survey
of	retailer
in	December
of	agent
in	complaint
on	October
on	time
in	game
for	yard
in	pull
of	Seahawks
in	election
from	Hayworth
in	March
of	Charleston
into	surf
off	Beach
in	case
of	supermarket
in	London
off	shelf
in	word
of	Glass
off	world
in	instance
in	term
of	year
for	run
in	innings
off	Chavez
in	term
of	accommodation
in	game
in	shot
off	Villanueva
off	Delabar
against	Lincoln
in	trip
in	period
due	to
due	lack
of	funding
in	month
off	Recife
in	storyline
to	friend
in	costume
in	end
for	victory
by	score
in	evening
at	MCA
off	menu
at	Café
in	ascent
with	help
from	fan
with	bike
in	week
out	of
of	bird
in	California
include	wanderer
from	part
of	country
in	kitchen
for	faucet
off	coil
on	fridge
in	year
with	wall
along	Street
in	year
with	crisis
in	incident
around	on
on	January
at	residence
at	Drive
off	Road
with	knife
of	chain
in	inning
with	single
to	right
to	base
in	moment
in	zee
to	calf
in	this
by	station
in	centra
in	past
in	York
by	auction
of	kilometer
before	crash
into	Ocean
off	coast
of	Australia
in	year
over	policy
in	view
to	we
as	know
as	all
at	time
at	or
at	angry
for	team
by	militant
on	town
of	Fallujah
of	capital
on	Wednesday
by	militant
on	town
of	Fallujah
of	capital
at	she
off	hand
in	exaggeration
in	hole
for	reason
in	spot
on	one
on	bit
off	turnover
on	PwC
as	surprise
for	company
off	road
down	slope
off	finger
with	stretch
of	Spandex
as	beekeeper
from	player
off	bus
to	Four
like	let
off	shoulder
to	limit
from	Batmania
to	resurgence
of	cinema
with	x
with	men
with	and
with	man
off	and
off	on
for	decade
of	thing
off	bench
as	pitcher
at	boost
of	might
off	of
of	novel
in	LA
for	group
of	fanatic
without	do
for	competition
by	time
v	Colombia
at	time
as	hop
from	dock
during	flight
of	apparition
as	version
of	figure
give	model
to	conference
of	scene
of	book
to	veteran
with	ghost
in	stadium
during	season
through	process
of	interest
into	mainstream
of	fascination
right	from
at	break
off	line
by	Albornoz
at	start
of	half
for	people
of	income
in	boat
off	Island
for	one
for	those
off	hill
from	people
on	phone
of	burden
off	line
with	it
on	net
right	off
off	of
of	I
of	it
at	stadium
for	moment
at	thought
of	thousand
of	people
at	arena
in	program
from	level
to	varsity
near	island
mile	off
off	Kalimantan
off	victory
over	Milton
off	hole
in	round
of	Championship
at	Sawgrass
in	article
on	agreement
on	Friday
to	UBS
of	America
mile	off
off	coast
of	Florida
of	amenity
in	Caribbean
off	other
of	cut
to	Hezbollah
since	come
to	power
before	time
on	clock
out	of
of	brothel
in	Brazil
during	time
from	tour
in	country
off	computer
off	trail
of	people
in	favour
of	switch
past	shoulder
into	pixie
for	movie
in	pack
in	pair
in	Boston
to	action
follow	injury
in	October
with	Leverkusen
for	good
as	cat
throughout	region
at	Chapel
of	concern
at	par
to	Russia
for	bank
over	support
for	rebel
in	Ukraine
to	water
off	Hawaii
to	carry
in	reminder
between	superpower
as	part
of	round
of	loss
of	nationality
on	raft
off	coast
of	West
for	place
on	trail
in	withdrawal
from	race
to	election
on	education
on	Hill
from	expand
to	pay
off	stage
of	millennial
for	retirement
of	those
of	drug
for	combination
for	execution
off	couch
of	Tacoma
of	hit
off	Bolsinger
in	third
in	eighth
of	Southbridge
on	run
after	snip
in	August
on	charge
of	child
with	plan
across	Britain
for	hour
in	tribute
to	dead
of	I
of	minister
on	eve
of	war
to	start
on	Cibulkova
with	fault
like	Sterling
in	Edmonton
for	Canada
in	Olympics
from	competition
of	friend
around	site
on	beach
way	into
into	water
at	office
with	second
from	circle
off	post
behind	Lack
for	final
after	finish
on	Sunday
from	Thunderbirds
against	Getzlaf
in	period
at	Center
from	Picayune
of	people
early	in
in	Louisiana
from	election
to	election
in	category
except	one
because	of
because	rain
on	course
at	Peninsula
for	Drew
on	error
by	Navarro
off	base
in	attempt
in	family
in	Leduc
from	job
on	this
across	Gulf
of	Thailand
on	board
to	west
off	shelf
in	east
as	window
amid	operation
on	court
off	court
off	early
at	start
of	half
with	minute
after	card
for	handball
over	goalie
at	Center
to	celebration
for	Angeles
until	lieutenant
at	school
to	shooting
into	custody
with	walk
during	Ethier
at	bat
about	challenge
in	place
of	that
to	Hernandez
at	time
of	rest
between	start
with	stick
with	rotation
even	through
through	off
through	day
to	Miller
on	board
in	quarter
with	run
in	two
before	drain
from	off
just	off
off	fringe
in	tie
at	top
as	player
of	up
from	film
to	side
in	incident
in	part
of	county
with	projector
in	township
on	September
off	camera
after	sound
of	bang
from	Liu
about	it
for	take
for	stealing
after	suffer
of	spot
at	event
of	they
after	struggle
on	Friday
off	pace
under	Dome
to	classroom
of	child
from	School
of	surprise
on	hillside
in	drainage
at	School
for	computer
as	guest
from	bird
on	Island
far	off
off	coast
on	Tour
despite	career
in	Europe
from	Watson
of	season
on	Tour
at	second
on	sacrifice
with	call
after	challenge
by	Farrell
off	wing
at	expect
with	be
as	paramedic
of	father
vs.	Russia
hard	down
down	ice
on	goal
in	position
off	rebound
in	hair
with	homer
of	season
to	field
of	performance
well	off
in	fund
than	in
in	stock
to	graduate
of	majority
of	island
of	Ireland
from	which
of	frustration
at	strike
off	site
like	dam
from	seize
of	Kobane
on	outside
of	home
in	Moscow
with	you
on	adventure
at	speed
over	mph
to	son
for	bill
to	death
on	footpath
off	way
in	Colchester
on	Tuesday
with	silence
with	and
off	field
by	blow
on	it
with	goal
in	loss
to	Juventus
on	day
of	season
with	point
against	Florida
by	Khaw
for	year
in	Museum
of	History
off	air
around	time
of	conflict
through	Facebook
in	Monrovia
into	taxi
with	she
over	year
off	row
on	road
after	lose
follow	loss
to	Islanders
off	victory
over	Rangers
on	Saturday
in	summer
off	end
of	pool
in	Street
for	thickness
of	tile
to	Scotland
off	ruck
to	line
into	touch
off	of
of	street
of	Winston
with	cash
after	some
of	heist
to	airline
on	condition
of	anonymity
to	medium
on	swing
off	game
in	Pittsburgh
to	lineup
after	take
off	throat
during	victory
over	Mets
about	it
than	work
at	level
in	Washington
off	job
on	step
of	Capitol
on	Thursday
with	hand
for	family
of	Brown
of	spring
in	air
of	rust
by	take
to	road
for	yard
on	Saturday
with	tee
of	contender
to	guy
from	recorder
off	runway
into	gulley
into	flame
twice	off
off	Fletcher
in	top
of	seventh
from	Dion
to	Iraq
on	Tuesday
of	crisis
for	get
in	interview
on	Minutes
on	Sunday
of	State
in	Texas
to	office
under	obligation
to	record
in	home
off	pursuit
at	point
of	man
with	sum
of	cash
of	survivor
with	part
of	keel
in	water
off	Mokpo
kilometre	from
from	Seoul
to	letter
to	hotel
to	stadium
in	Rutherford
off	price
on	morning
off	Beach
with	angler
with	company
with	see
of	infrastructure
as	law
with	airliner
through	window
of	dragger
around	suppertime
of	cliff
in	Cove
include	Smith
to	Tories
of	minute
after	half
from	edge
of	box
off	Marshall
off	and
off	past
off	coast
of	Morocco
through	Canal
with	destination
as	Africa
with	cone
in	front
of	vehicle
with	damage
to	bumper
upon	psyche
on	own
after	take
from	Soldotna
on	board
on	February
in	Oakland
for	Burbank
off	plane
on	Friday
in	election
as	use
into	fund
on	July
at	care
in	Ridgefield
on	June
in	woodland
off	Road
on	Drive
of	W
between	bridge
on	Drive
on	side
of	bridge
under	they
despite	evidence
to	contrary
on	contrary
for	Götze
on	website
on	date
aboard	Mayflower
off	Massachusetts
for	politick
on	top
of	that
of	ex
of	soldier
in	army
on	Tuesday
in	block
of	Drive
on	Wednesday
off	device
on	Wednesday
of	investigation
on	Wednesday
of	Point
with	police
from	market
off	stimulus
from	Island
off	meet
in	style
of	competition
among	miner
in	way
for	Regatta
at	Park
to	City
for	chicken
in	Ireland
for	festival
in	Galway
off	list
in	town
for	prospect
of	siren
in	middle
of	vow
in	panic
for	cover
in	return
to	cove
off	Island
in	wild
of	convenience
to	person
at	airport
in	UK
as	shoulder
of	Union
include	six
in	airstrike
in	Gaza
in	which
over	time
of	protein
across	brain
for	Viriviri
in	Scotland
in	challenge
of	year
of	reason
of	use
off	road
off	wheel
into	office
of	bottle
on	desk
off	oxycodone
off	relaxant
to	homeless
from	old
off	income
into	poverty
in	village
through	challenge
in	way
off	finish
off	of
of	floor
to	body
of	Neal
by	Lewis
off	of
of	hand
at	airport
of	match
with	USA
into	side
of	head
because	of
because	it
to	perspective
from	Earth
from	look
straight	into
into	be
of	gas
without	striker
in	competition
of	record
on	video
at	bank
of	street
of	unrest
off	Street
from	courthouse
off	road
outside	headquarters
in	Kong
near	shop
in	city
of	Karbala
on	Tuesday
in	town
of	Hafriyah
of	Baghdad
on	foot
after	crash
into	area
near	quarry
off	of
off	street
of	Providence
in	incident
to	describe
as	Caucasian
at	mid
at	jean
on	section
of	course
on	Saturday
before	Olympics
for	make
into	presentation
foot	off
off	road
in	Manila
in	morning
shortly	before
on	trip
with	brother
off	Island
in	water
of	States
in	year
in	closure
to	robbery
of	snack
by	crowdfunde
off	ground
by	launch
on	Microryza
off	of
of	craving
to	organization
for	project
in	military
from	China
over	student
across	Kong
of	rally
for	Fernandez
in	fifth
on	back
of	leg
off	bat
of	Gordon
with	shooting
of	airliner
over	Union
with	States
off	rail
through	life
without	he
off	road
into	system
during	up
on	Thursday
since	birth
off	bridge
into	river
around	military
as	Rustum
on	own
from	Chester
from	ship
off	coast
of	Mexico
in	week
of	July
in	coat
of	pack
for	bill
on	Monday
for	he
for	drug
with	gasoline
in	fire
aboard	Toronto
on	Day
for	Designers
of	Museum
for	Rights
for	pen
to	one
of	Five
up	to
to	task
on	Wednesday
amid	sign
of	progress
in	attempt
in	Ukraine
over	weakness
in	economy
at	pm
from	airport
near	Amsterdam
out	of
of	service
for	citizen
to	battle
in	Barlik
into	home
after	hit
off	run
in	inning
against	Rockies
as	material
around	star
of	FITNESS
for	year
of	participant
off	Jackson
into	field
off	midsentence
in	side
to	Bilbao
for	game
as	real
in	mood
by	lead
of	condition
with	par
in	round
of	Tournament
in	Dublin
with	Housler
off	field
after	workout
on	May
in	Tempe
around	heater
on	list
well	off
off	pace
in	tie
after	round
in	Atlanta
high	off
off	wall
to	third
during	week
with	gas
after	shoot
second	off
off	pace
with	target
right	in
to	belieber
both	on
on	and
on	off
at	event
with	premiere
of	grace
of	Monaco
for	woman
at	center
of	case
of	birdie
in	row
on	nine
in	round
at	third
at	fourth
out	of
of	house
behind	tree
off	stretch
of	Street
to	sleep
off	of
of	arrangement
with	company
to	tune
of	million
in	hour
with	four
for	drop
on	ball
of	morning
from	Institute
in	Ocean
off	coast
of	California
from	outing
in	loss
at	Cal
for	yard
in	quarter
with	Cooper
to	diver
with	spear
on	camera
off	bat
in	elevation
from	wind
of	glacier
of	ice
of	building
into	water
of	Park
at	risk
of	lose
in	election
for	conduct
in	game
against	Arsenal
from	Corporation
for	protocol
for	keep
with	disease
off	aircraft
in	trading
in	Europe
per	cent
for	week
on	Street
in	trading
in	Europe
for	week
on	Street
of	hike
through	thick
despite	be
with	he
on	hill
off	bus
in	accident
on	court
on	and
on	off
in	classroom
at	gathering
for	month
on	laptop
for	hour
down	side
for	hair
instead	of
of	skin
of	hide
at	start
of	race
by	Matterhorn
out	of
of	gate
right	over
over	top
what	like
after	accident
right	before
before	season
toward	station
off	path
of	year
in	loan
in	justice
with	Chmerkovskiy
for	month
with	depression
at	home
from	town
of	Labwa
at	weekend
to	Arsal
of	rebel
of	sort
of	content
on	offer
of	moment
for	Dreamtab
at	airport
to	drop
of	Cup
of	team
at	Summerlin
since	hand
on	identify
from	camp
with	Majdanek
since	killing
include	reader
for	total
of	camera
in	area
off	campus
to	capitalism
to	investor
since	end
of	December
from	rest
of	country
for	fear
of	escalation
in	minute
in	attacking
before	play
to	forward
to	Morgan
to	Sinclair
from	yard
at	hotel
just	off
to	house
in	Avenue
to	corner
in	left
on	base
after	choice
off	brand
off	Broxton
in	eighth
in	tsunami
than	other
because	of
because	state
of	resource
with	Office
of	Commissioner
on	any
of	they
of	policy
off	exchange
as	festival
with	protester
of	operation
in	replica
of	glider
of	interview
of	Kim
among	diplomat
of	set
for	back
in	face
of	threat
so	off
to	camp
with	freedom
of	movement
with	restraint
to	citizen
in	criminal
permanently	off
off	street
of	assemble
with	Nails
of	Age
for	finale
after	character
in	game
for	reminder
on	job
in	Ferguson
of	emotion
in	field
off	line
before	leave
to	bed
of	game
after	come
off	bench
by	initial
in	Spanish
as	possible
in	relation
to	report
percent	off
off	value
of	share
over	day
over	city
of	Europe
off	target
to	spring
off	coast
with	sparkling
with	group
on	soil
as	ever
with	opt
at	home
of	vacation
of	feature
in	cricket
of	par
among	throng
of	wisher
in	garage
straight	out
out	of
of	Daytona
over	fend
like	carp
for	flex
to	top
at	back
of	bar
at	scene
on	yacht
from	Turkey
for	time
for	time
at	Field
after	knock
as	example
on	weekend
of	USA
in	interview
off	issue
in	East
to	solve
in	peace
in	end
off	schneid
with	win
at	Pittsburgh
off	over
off	from
from	Russell
of	rate
from	point
at	School
in	Cheektowaga
of	class
as	one
of	beast
from	tumble
on	Interstate
on	Monday
for	those
on	commute
accord	to
to	WUSA
on	penalty
in	Kashmir
since	India
with	Pakistan
in	Delhi
with	leader
from	region
in	sport
to	Club
with	race
on	Ocean
off	Loma
on	night
as	candidate
in	district
in	Arizona
against	Salmon
to	Brunswick
of	Fibres
off	Road
both	on
on	and
on	off
on	run
with	spark
with	point
with	point
on	Road
of	exit
in	second
off	record
of	Nigeria
from	pad
at	GMT
through	cloudy
toward	space
in	test
off	ball
in	minute
of	penalty
in	NFL
during	season
with	eight
on	time
off	roadway
into	ditch
over	correct
into	skid
of	happen
in	apartment
with	she
despite	objection
from	life
via	Twitter
on	spree
for	government
in	bill
to	tune
of	Thing
in	meadow
with	cow
for	industry
after	day
in	November
with	representative
from	Iran
as	measure
over	program
with	people
on	board
with	control
on	Sunday
over	Sea
after	take
from	city
in	Indonesia
for	Singapore
under	investigation
by	NBA
of	anger
for	action
through	league
into	round
at	Cup
about	walk
with	win
from	behind
at	showcase
over	term
of	scheme
between	union
of	Lufthansa
on	Thursday
from	Suthep
with	tape
to	lie
to	official
about	sprain
about	jump
in	Windsor
in	it
with	rival
for	right
in	Series
off	ground
to	Williams
out	of
of	bound
off	hand
with	second
during	season
at	back
of	bus
on	Kane
of	cash
off	of
of	back
to	drive
on	Hill
over	rule
at	time
as	authority
in	case
from	York
for	anyone
in	structure
after	grandmother
off	ingredient
immediately	before
before	word
just	in
in	time
on	tv
to	province
for	testing
in	province
to	century
from	world
both	as
as	way
of	belief
in	superiority
of	culture
of	Sikeston
from	issue
in	insurgent
with	option
follow	on
on	from
from	tablet
between	Samsung
of	market
of	luster
off	image
as	leader
from	division
during	hour
in	fight
with	mascot
on	win
with	garment
in	mouth
in	Italy
base	on
on	Story
as	judge
on	Voice
for	year
of	candidate
to	board
off	England
in	trouble
for	nine
of	Maui
of	Flight
of	family
of	people
on	board
over	Sea
in	March
of	Affairs
with	alacrity
with	company
off	road
in	Jersey
for	yard
with	time
off	clock
by	Seraphine
over	she
of	bulb
off	market
for	consume
on	show
after	date
on	and
on	off
for	year
in	Spain
to	Macquarie
for	euro
at	stoplight
from	brake
of	vessel
at	tide
off	End
inside	water
of	Area
from	neighbour
from	plan
at	roundabout
in	gear
against	hundred
of	protester
for	kid
of	age
of	course
of	man
in	clothe
of	island
for	process
by	take
as	to
to	bid
on	home
of	arch
about	limit
of	play
on	land
in	age
off	rail
at	Economics
from	show
at	height
of	popularity
as	work
of	filmmaking
of	film
at	Park
in	February
of	survey
of	Gulf
of	Sanctuary
of	Ocean
off	coast
than	program
into	piece
in	wind
with	countersuit
of	rip
on	copyright
of	Gaye
after	Dance
on	Tuesday
at	PT
against	Royals
in	game
of	Series
of	jump
on	Facebook
off	be
on	LinkedIn
of	Sunday
of	March
of	event
in	City
from	walk
of	life
to	turnover
off	glass
off	of
of	that
in	compromise
in	charge
of	sign
on	payment
for	abortion
with	support
of	bank
of	euro
of	asset
off	debt
in	nation
to	world
to	safety
off	Islands
on	Monday
until	whistle
without	Carroll
for	conduct
follow	clash
with	Flores
at	exit
among	hotel
in	Carolina
of	union
of	car
like	tree
on	tangent
behind	she
into	basement
at	end
of	street
off	Road
in	search
of	equalizer
of	effort
off	line
of	no
at	Field
at	half
out	of
of	room
for	edge
of	child
during	event
on	Saturday
of	protest
in	suburb
on	Sunday
in	inning
off	field
to	college
in	year
of	season
off	edge
of	world
in	case
for	cause
of	right
than	cut
on	people
in	Philippines
of	ISIS
include	defeat
at	Washington
on	Tuesday
on	council
which	on
on	and
on	off
at	office
of	Bartholomew
from	rescuer
from	dvd
from	to
to	lingerie
in	lot
of	dozen
of	item
off	of
of	elephant
over	Sabres
of	charge
at	he
with	motion
for	start
of	case
of	protest
with	clayball
of	ambulance
in	path
off	gambit
as	president
of	loan
of	whether
in	opener
of	count
at	store
with	work
on	cut
for	parliament
for	reduction
in	budget
such	as
as	In
off	list
such	as
as	Burgers
of	contact
with	plane
month	after
after	disappearance
of	Flight
over	Asia
on	March
with	people
on	board
of	pack
of	dog
by	Draghi
on	Friday
of	deflation
on	foot
for	boy
at	Masters
from	Haq
to	Iran
alongside	police
against	jihadist
with	vehicle
in	Mazda
accord	to
to	police
to	truck
for	mission
on	display
in	conflict
against	other
across	country
in	point
off	turnover
for	Wisconsin
from	Geiger
in	box
of	Waston
behind	back
with	trafficking
to	child
off	earning
of	prostitution
for	child
for	child
off	coast
to	suspect
on	bicycle
for	garb
for	removal
of	equipment
of	hand
of	equipment
of	shot
past	Bernier
off	street
off	back
off	of
of	Lakes
as	snow
along	shore
in	neighborhood
to	officer
over	radio
off	freeway
with	way
off	ballot
from	April
of	Horizon
of	Louisiana
of	spark
off	bridge
of	Boat
on	float
on	heel
of	christen
in	atmosphere
in	wavelength
since	launch
of	change
off	book
with	shipment
on	page
at	EDT
from	Airport
of	entry
over	period
for	set
to	scrapyard
to	location
in	package
off	Bay
only	through
through	May
at	lot
off	fly
with	intensity
of	bug
to	home
in	city
of	Tongren
of	people
off	cliff
into	water
into	intermission
on	layup
off	play
in	bloodshed
with	go
across	Baghdad
from	noon
on	jail
in	Iraq
despite	declaration
of	day
of	violence
with	Union
in	favor
of	tie
with	Russia
to	start
for	Portland
in	Game
though	among
among	vital
in	stave
on	shot
by	walk
off	green
on	cheek
at	design
especially	in
in	north
of	country
off	victory
against	Diego
off	Interstate
in	Baker
after	renovation
of	Corp
at	PDT
from	pad
in	year
off	Dow
about	manufacturing
about	and
about	by
in	share
on	worry
of	chalk
in	Lane
of	allege
of	feature
of	which
in	release
of	which
in	work
for	semester
by	increase
of	partner
from	to
in	year
in	layer
to	IRS
on	behalf
of	Plus
off	hook
over	week
of	protest
in	Ferguson
out	of
of	cafeteria
in	dash
to	safety
inside	classroom
at	school
of	Seattle
at	percent
in	September
off	tree
to	start
with	album
well	off
off	number
to	show
for	moment
around	neck
through	mission
of	gunfire
from	location
in	process
of	explore
off	shore
of	exporter
to	minimum
in	order
after	ceo
to	division
for	Rights
in	newspaper
as	advertisement
without	notification
to	group
but	air
to	solar
to	take
off	road
in	Boston
off	it
off	record
in	season
for	year
on	road
just	off
off	Highway
near	Vanderhoof
in	November
than	you
on	road
of	rust
at	end
of	season
than	at
at	beginning
of	next
to	start
of	second
off	pace
for	run
with	start
of	Revolution
on	ammunition
of	training
for	personnel
to	officer
off	frigate
from	million
of	visitor
of	dollar
for	title
on	Sunday
both	from
from	view
from	as
from	team
of	astronaut
in	Control
in	Houston
off	of
of	other
in	session
to	argument
to	leader
from	showing
about	it
of	Ragin
to	Orleans
against	University
of	Pack
off	coast
of	Sumatra
at	time
of	event
off	beach
in	response
to	attack
in	year
to	petition
on	website
for	apology
of	show
by	say
off	air
off	table
of	car
about	foot
off	ground
off	one
of	mate
over	cross
on	stretch
from	checkpoint
off	area
on	Wednesday
of	virus
in	country
with	result
on	Interstate
at	Interstate
of	vehicle
in	wreck
off	road
of	Histadrut
with	protection
in	case
on	sale
on	impact
of	centre
at	Hospital
across	street
meter	off
off	seabed
by	one
to	safety
in	scene
off	summer
in	semifinal
along	way
from	be
on	market
at	Foundation
off	recreational
in	election
at	knock
in	half
of	ball
at	time
with	try
in	bag
with	pride
into	restore
in	spot
for	most
of	day
into	field
at	sunset
off	opinion
of	terror
to	world
on	Tues
by	then
into	reef
off	Tuscany
of	series
of	post
to	balance
than	maximum
as	limit
at	which
toward	hole
of	matter
to	perspective
from	Earth
from	look
straight	into
into	be
of	gas
in	leg
in	victim
for	shooter
after	crime
of	employee
of	worker
during	week
at	capacity
in	captivity
particularly	in
in	moment
of	crisis
of	worker
at	tournament
of	resistance
in	set
on	seventh
as	his
through	transaction
of	newspaper
in	wake
of	tragedy
in	visitor
to	country
to	Hefei
in	second
to	stop
in	Tianjin
in	time
of	goodwill
of	probe
on	November
from	Orbiter
over	ago
on	February
from	heap
at	beast
for	Man
to	buy
of	advertising
from	slot
off	stick
of	domain
in	frustration
around	net
on	June
off	coast
of	recession
to	euro
completely	off
off	rail
from	End
at	Way
onto	Viaduct
at	Avenue
at	exit
in	Sodo
in	province
off	road
into	fund
off	East
into	pond
over	State
at	landfill
off	road
in	August
off	bench
onto	field
off	field
for	four
off	Sharma
within	sight
of	century
of	campaign
from	Gardner
to	event
off	bicycle
after	pick
for	States
through	traffic
through	and
through	into
off	crossbar
after	take
from	Kessel
in	season
off	field
of	play
before	join
with	Raptors
mile	off
off	coast
to	York
during	July
out	of
of	school
with	family
on	plan
for	Mine
of	Magazine
of	love
of	Bahama
right	off
off	resort
to	sort
of	activity
on	scheme
for	smartphone
off	calorie
in	park
to	everyone
with	cup
of	coffee
for	member
to	and
to	from
at	complex
from	City
of	parking
from	police
into	entrance
to	Amphitheater
in	Morrison
on	Twitter
in	region
in	Algeria
off	track
in	photo
of	nun
for	release
for	week
Possibly	Lightest
in	peek
in	Rotherham
at	headquarters
in	York
to	almost
to	start
from	legislator
in	California
for	testing
in	Michigan
like	Peterson
on	return
in	handcuff
at	premiere
over	barrier
off	ep
for	more
from	Mallampalli
on	quiet
to	dreamland
into	area
off	win
from	home
at	weekend
against	team
as	threat
of	shut
as	equal
to	ostrich
than	month
of	Yabroud
into	Syria
at	Giants
to	Jersey
without	hitch
on	issue
of	day
from	profanity
off	point
on	Road
off	it
from	second
at	product
at	ces
in	January
at	Congress
on	premise
with	solution
of	capability
in	cooperation
in	West
to	it
as	company
off	gas
at	stake
against	Fox
to	friend
of	people
from	there
off	of
of	tour
to	show
at	spec
to	device
as	utility
for	individual
without	application
from	Walsall
on	suspicion
of	offence
at	Airport
on	Tuesday
from	Turkey
off	this
with	issue
in	confinement
in	community
with	transition
to	contact
of	bacteria
on	table
on	or
on	in
for	role
of	Jesse
in	Bad
about	world
of	care
to	drop
with	they
on	paper
with	pencil
on	refrigerator
to	store
in	shadow
off	of
of	list
of	wine
off	path
off	plane
in	profile
off	Philippines
in	part
on	four
of	finger
in	half
of	off
off	of
of	rebound
on	offense
after	be
off	bat
off	menu
with	Russia
off	menu
with	Russia
about	athleticism
off	dribble
against	defender
off	purchase
with	card
to	start
of	talk
of	slip
into	conflict
of	franchise
as	pander
in	car
in	style
despite	run
in	iOS
of	Maps
of	car
in	County
of	Seattle
of	license
about	get
from	like
of	experience
from	take
in	mind
foot	off
off	sidewalk
on	sidewalk
on	vacation
during	incident
in	college
in	States
in	Paris
on	island
off	coast
of	Maine
for	violation
in	game
in	minute
after	turn
in	challenge
with	McNair
with	write
in	company
with	have
except	for
for	violence
for	good
than	owe
with	resume
from	Sunday
shortly	before
before	lunch
of	session
with	one
off	base
of	fence
for	lead
with	close
for	minute
of	time
for	event
of	magnitude
with	out
on	second
of	Jennings
from	run
at	scene
at	Platz
from	aircraft
from	helipad
atop	headquarters
after	refuel
outside	station
of	ice
off	tail
with	pregnancy
of	total
in	hand
of	midwife
than	doctor
during	birth
accord	to
to	guideline
by	Institute
for	Health
for	Excellence
of	Road
in	front
of	hole
to	work
off	driveway
from	convenience
of	home
on	basis
for	middleman
of	boat
during	Battle
of	Atlantic
off	coast
of	Carolina
after	police
in	series
of	raid
on	encampment
of	barrier
of	steel
in	glory
off	bench
of	chariot
of	civilian
on	measure
of	bond
with	money
at	any
of	location
for	note
on	location
at	note
in	they
out	of
of	office
from	China
off	movie
about	snow
at	point
off	he
of	paint
off	wall
for	bit
in	advance
to	folder
out	of
of	work
off	ball
of	ambulance
in	contact
off	of
of	this
