international	standard
human	right
few	mouth
basic	service
discriminatory	practice
southern	city
large	crisis
estimate	million
first	ambassador
palestinian	camp
age	child
syrian	refugee
mobile	phone
turkish	Cilvegozu
civil	war
other	people
lie	country
similar	situation
international	law
several	thousand
southern	Ethiopia
rural	village
australian	center
massive	damage
adequate	service
burgeon	population
increase	wave
economic	opportunity
international	assistance
nightmarish	proportion
sudanese	refugee
southeastern	Chad
past	week
syrian	refugee
high	cost
european	policy
report	allegation
rough	sea
fresh	fighting
eastern	Congo
protract	situation
displace	person
economic	uncertainty
somali	refugee
such	as
spectacular	picture
such	as
many	refugee
syrian	refugee
overflow	camp
large	city
await	attack
late	case
uneasy	relationship
administrative	base
live	quarter
last	week
foreign	donor
long	hiatus
several	wave
Less	a
congolese	refugee
base	Feedly
online	application
More	million
More	million
armed	clash
western	Rwanda
last	time
generalize	violence
massive	surge
palestinian	REFUGEES
peaceful	homeland
jewish	homeland
base	group
thai	government
legal	appeal
important	ally
emerge	economy
great	success
humanitarian	aspect
past	year
ivorian	refugee
ivorian	side
last	year
specific	policy
italian	law
inland	waterway
humanitarian	support
other	type
rural	area
formal	institution
judicial	institution
legal	text
palestinian	refugee
syrian	refugee
other	immigrant
palestinian	refugee
ongoing	violence
humanitarian	access
human	right
british	Ambassador
former	base
american	base
military	base
temporary	station
defenseless	woman
sexual	harassment
long	distance
american	citizen
illegal	migration
human	trafficking
correctional	facility
last	solution
legal	provision
international	law
irregular	entry
perilous	route
vast	majority
individual	basis
rwandese	refugee
same	land
swirl	water
crumble	bank
very	soil
syrian	quagmire
porous	border
turkish	Minister
fierce	critic
syrian	refugee
syrian	encampment
eastern	Valley
different	settlement
local	community
other	stakeholder
different	aspect
Central	African
own	country
such	as
clear	request
overcrowded	boat
equip	boat
northern	border
