be	consider
be	publish
be	establish
be	optione
be	kill
be	implement
be	generate
be	build
be	notice
be	robe
be	diagnose
be	choose
be	buy
be	maintain
be	distribute
be	clear
be	expose
be	find
be	hold
be	define
be	conduct
be	carry
be	relate
be	improve
be	treat
be	bear
be	overwhelmed
be	pass
be	develop
be	compromise
be	supply
be	use
be	investigate
be	apply
be	apply
be	make
be	use
be	use
be	distribute
be	make
be	include
be	replicate
be	develop
be	select
be	use
be	forward
be	hold
be	find
be	instal
be	name
be	force
be	give
be	detect
be	report
be	determine
be	bear
be	provide
be	waste
be	obtain
be	involve
be	catch
be	care
be	find
be	use
be	establish
be	give
be	terminate
be	take
be	bear
be	release
be	formulate
be	circulate
be	elect
be	take
be	undertake
be	purchase
be	seal
be	support
be	advertise
be	create
be	fame
be	require
be	let
be	hit
be	hit
be	finalise
be	blow
be	firm
be	find
be	showcase
be	mimic
be	employ
be	turn
be	perceive
be	fund
be	build
be	give
be	treat
be	paralyse
be	determined
be	tell
be	publish
be	push
be	elect
be	need
be	attribute
be	kill
be	reduce
be	assure
be	admit
be	move
be	commission
be	reengineere
be	embed
be	evacuate
be	cast
be	join
be	submit
be	block
be	celebrate
be	rank
be	retire
be	buy
be	operate
be	deliver
be	do
be	complete
be	take
be	feature
be	produce
be	receive
be	conduct
be	renumbere
be	categorise
be	find
be	name
be	mean
be	bring
be	take
be	build
be	describe
be	develop
be	hear
be	arrest
be	present
be	make
be	arrest
be	utilise
be	simplify
be	find
be	carry
be	break
be	bear
be	make
be	name
be	find
be	think
be	make
be	hospitalise
be	conduct
be	choose
be	establish
be	take
be	attach
be	drain
be	write
be	release
be	christen
be	find
be	export
be	flash
be	fire
be	compound
be	import
be	bear
be	honour
be	tell
be	fire
be	achieve
be	put
be	direct
be	notify
be	acquire
be	correlate
be	structure
be	pay
be	contemplate
be	note
be	improve
be	identify
be	leave
be	call
be	mean
be	characterise
be	face
be	implement
be	retell
be	put
be	publish
be	incorporate
be	reach
be	obtain
be	injure
be	bear
be	airlift
be	open
be	disinter
be	establish
be	release
be	hold
be	consider
be	bring
be	commit
be	compromise
be	use
be	collect
be	vote
be	monitor
be	influence
be	apprehend
be	seize
be	rape
be	feed
be	sell
be	deny
be	lead
be	entitle
be	fire
be	comfort
be	destroy
be	commence
be	deal
be	provide
be	use
be	record
be	make
be	link
be	maintain
be	ask
be	design
be	destroy
be	raise
be	make
be	make
be	deposit
be	enlighten
be	implant
be	swing
be	hoist
be	bear
be	limit
be	put
be	approve
be	sort
be	sort
be	bring
be	sort
be	spend
be	call
be	lead
be	mentor
be	list
be	marry
be	hold
be	perform
be	vote
be	marry
be	suppose
be	black
be	induce
be	say
be	discharge
be	shock
get	invite
be	make
be	achieve
be	calculate
be	bear
be	send
be	prohibit
be	perform
be	hold
be	establish
be	design
be	wear
be	depict
be	hold
be	hold
be	hold
be	hold
be	book
be	take
be	use
be	photograph
be	bear
be	consider
be	injure
be	give
be	do
be	approach
be	share
be	employ
be	represent
be	elect
be	take
be	determine
be	choose
be	assemble
be	consider
be	harvest
be	publish
be	conduct
be	undertake
be	hold
be	build
be	find
be	postpone
be	use
be	plant
be	find
be	elect
be	grant
be	approve
be	award
be	reach
be	develop
be	initiate
be	fill
be	approve
be	construct
be	hold
be	require
be	pursue
be	hold
be	bear
be	need
be	think
be	spend
be	sign
be	identify
be	fix
be	make
be	conduct
be	fame
be	select
be	set
be	follow
be	add
be	construct
be	afford
be	reduce
be	know
be	select
be	write
be	attract
be	require
be	kill
be	limit
be	lose
be	lose
be	influence
be	hold
be	start
be	exhaust
be	recover
be	section
be	build
be	remove
be	identify
be	take
be	give
be	bear
be	use
be	accompany
be	select
be	send
be	take
be	release
be	ask
be	hold
be	place
be	pass
be	refer
be	weight
be	encourage
be	understand
be	permit
be	believe
be	answer
be	recommissione
be	establish
be	implement
be	centralise
be	pay
be	see
be	build
be	dot
be	have
be	put
be	pass
be	do
be	leave
be	ditch
be	find
be	invent
be	hold
be	form
be	adopt
be	pick
be	attack
be	shoot
be	take
be	cut
be	observe
be	develop
be	conduct
be	consider
be	pursue
be	attribute
be	integrate
be	perform
be	complete
be	abolish
be	accept
be	assess
be	report
be	stay
be	arrest
be	rewatere
be	assess
be	go
be	recover
be	develop
be	launch
be	complete
be	publish
be	trigger
be	perform
be	raise
be	suspect
be	accept
be	load
be	stagger
be	call
be	record
be	note
be	accept
be	donate
be	hand
be	hand
be	cause
be	see
be	know
be	rule
be	give
be	tell
be	undertake
be	present
be	shoot
be	motivate
be	consider
be	use
be	return
be	render
be	design
be	construct
be	mail
be	collect
be	charge
be	bear
be	send
be	invent
be	founder
be	design
be	ordain
be	run
be	bear
be	transfer
be	name
be	generate
be	infer
be	expect
be	bear
be	attach
be	rescue
be	make
be	seek
be	expect
be	invent
be	commission
be	taint
be	name
be	know
be	see
be	hold
be	transform
be	recess
be	choose
be	believe
be	lose
be	affect
be	give
be	race
be	say
be	lead
be	relieve
be	price
be	load
be	identify
be	create
be	slip
be	bear
be	pour
be	understand
be	apply
be	bear
be	bear
be	bear
be	pull
be	add
be	establish
be	develop
be	work
be	predecease
be	survive
be	bear
be	bear
be	ordain
be	start
be	reduce
be	abandon
get	rid
be	leave
gets	lock
be	confirm
be	involve
be	use
be	treat
be	require
be	lead
be	shoot
be	see
be	bear
be	brainwash
’re	express
be	mean
be	laud
be	sort
be	award
be	say
be	give
be	revive
’s	be
getting	rid
be	calculate
be	force
be	stack
be	practise
be	visit
be	expect
be	list
be	inform
be	provide
be	vote
be	know
be	say
be	gear
be	house
be	withdraw
be	impose
be	breed
be	provide
be	release
be	hire
be	quote
be	notify
be	drive
be	quote
be	overjoy
be	mean
be	present
be	establish
be	build
be	transport
be	calculate
be	article
be	bear
be	bear
be	establish
be	fix
be	report
be	find
be	secure
be	bear
be	purchase
be	start
be	keep
be	carry
be	slate
be	disappoint
be	find
be	provide
be	apply
be	identify
be	complete
be	recognize
be	mute
be	designate
be	make
be	select
be	associate
be	paint
be	bear
be	hire
be	subtract
be	use
be	use
be	shape
be	bear
be	be
be	ask
be	deceive
be	instruct
be	build
be	strike
be	elect
be	elect
be	make
be	put
be	associate
be	create
be	amuse
be	find
be	adjust
be	make
be	herd
be	cut
be	enrol
be	complete
be	collect
be	code
be	involve
be	establish
be	announce
be	bear
be	charge
be	know
be	bear
be	list
be	committed
be	see
be	bear
be	decide
be	clean
be	run
be	grant
be	closed
be	send
be	study
be	identify
be	value
be	award
be	impose
be	realise
be	endorse
be	retain
be	detect
be	find
be	instal
be	bear
be	assess
be	base
be	assume
be	establish
be	deem
be	deem
be	perform
be	select
be	bear
be	ask
be	bear
be	honor
be	expect
be	start
be	supervise
be	require
be	select
be	supervise
be	associate
be	associate
be	perform
be	ask
be	sentence
be	claim
be	take
be	settle
be	interview
be	give
be	feature
be	book
be	create
be	do
be	interview
be	engage
be	establish
be	develop
be	announce
be	discover
be	allot
be	make
be	build
be	build
be	give
be	clear
be	present
be	fit
be	ask
be	call
be	ask
be	model
be	resize
be	take
be	design
be	complete
be	improve
be	appoint
be	report
be	slam
be	credit
be	award
be	adapt
be	update
be	deny
be	spray
be	release
be	isolate
be	bear
be	present
be	assign
be	relate
be	bear
be	limit
be	move
be	award
be	involve
be	involve
be	bear
be	blame
be	recognise
be	define
be	coat
be	hold
be	locate
be	obtain
be	undertake
be	hold
be	prevent
be	threaten
be	accuse
be	do
be	question
be	flaw
be	associate
be	tie
be	attract
be	place
be	raise
’s	get
be	choose
’re	confront
be	draw
be	hear
be	hear
be	see
be	conduct
be	estimate
be	compare
be	undertake
be	use
be	define
be	institute
be	wash
be	discover
be	hide
be	infect
be	knock
be	blind
be	lead
be	use
be	swear
be	seize
be	do
be	offer
be	expect
be	try
be	cancel
be	ban
be	use
be	select
be	plague
be	fit
be	cancel
be	analyse
be	suspend
be	do
be	take
be	discharge
be	limit
be	see
be	direct
be	invite
be	adjourn
be	revise
be	use
be	collect
be	require
be	determine
be	revoke
be	affect
be	use
be	give
be	enjoy
be	place
be	make
be	note
be	reveal
be	fulfil
be	force
’s	be
be	approve
be	imprison
be	elect
be	use
be	conduct
be	wound
be	issue
be	require
be	develop
be	transfer
be	reconstruct
be	trialle
be	complete
be	base
be	cover
be	pour
be	involve
be	abandon
be	transact
be	include
be	record
be	assume
be	cause
be	celebrate
be	award
be	pass
be	discontinue
be	regard
be	know
be	rumour
be	say
be	design
be	conduct
be	approach
be	act
be	inhibit
be	repeat
be	cut
be	reload
be	award
be	have
be	relate
be	delay
be	produce
be	do
be	base
be	submerge
be	assume
be	ransack
be	promote
be	measure
be	choose
be	crown
be	finalise
be	agree
be	accept
’s	do
be	use
be	conclude
be	use
be	send
be	extend
be	shorten
be	set
be	expose
be	draw
be	enforce
be	leave
be	establish
be	create
be	provide
be	award
be	guarantee
be	demonstrate
be	situate
be	make
be	credit
be	execute
be	improve
be	complete
be	leave
be	assess
be	upset
be	teach
be	live
be	apprentice
getting	marry
be	bogge
be	surround
be	diagnose
be	award
be	own
be	overjoy
be	play
be	consider
be	bear
be	purchase
be	choose
be	bear
be	award
be	do
be	provide
be	describe
be	limit
be	assess
be	ruin
be	table
be	arrest
be	bear
be	prosecute
be	bear
be	bear
be	eviscerate
be	appoint
be	characterize
be	influence
be	sentence
be	find
be	leave
be	investigate
be	use
be	involve
be	award
be	call
be	nominate
be	send
be	bear
be	cremate
got	flatten
be	bring
be	place
be	arrange
be	conduct
be	post
be	organize
be	design
be	require
be	do
be	receive
be	discover
be	receive
be	perform
be	enable
be	restrict
be	bear
be	need
be	call
be	intend
be	design
be	exacerbate
be	engage
be	build
be	provide
be	use
be	keep
be	destroy
be	flush
be	hail
be	write
be	publish
be	base
be	conceive
be	store
be	support
be	perceive
be	accuse
be	make
be	grant
be	take
be	terminate
be	forge
’s	know
be	know
be	rid
be	run
be	state
be	lose
be	stab
be	write
be	expose
be	admit
be	see
be	find
be	see
be	entitle
be	inspire
be	pay
be	select
be	appoint
be	appoint
be	award
be	bill
be	bear
be	bear
be	bury
be	bury
be	create
be	describe
be	discharge
be	educate
be	educate
be	educate
be	elect
be	evacuate
be	find
be	price
be	give
be	grant
be	grant
be	hide
be	take
be	punish
be	influence
be	inspire
be	instruct
be	surprise
be	negotiate
be	introduce
be	involve
be	kill
be	know
be	transfer
be	lock
be	hand
be	mentor
be	miss
get	remember
be	tell
be	refer
be	criticise
be	promote
be	prove
be	purchase
be	raise
be	reappointe
be	select
be	involve
be	wound
be	shoot
be	turn
be	stun
be	invite
be	commit
be	remove
be	send
be	use
be	go
be	sell
be	tell
be	remember
be	actuate
be	fill
be	finish
be	finish
be	do
be	adulterate
be	leave
be	give
be	capture
be	temper
be	reject
be	base
be	entitle
be	release
be	publish
be	translate
be	hear
be	hear
be	discharge
be	motivate
be	bring
be	make
be	reject
be	sell
be	bear
be	regard
be	broadcast
be	build
be	hold
be	hit
be	add
be	expel
be	rename
be	merge
be	lure
be	cut
be	respect
be	reflect
be	identify
be	introduce
be	build
be	abduct
be	acknowledge
be	find
be	make
be	accompany
be	make
be	accept
be	broaden
be	arrive
be	bear
be	appoint
be	join
be	deaccession
be	accession
be	cause
be	start
be	rob
be	do
be	use
be	advise
be	conduct
be	give
be	present
be	deliver
be	bear
be	refuse
be	instal
be	give
be	introduce
be	power
be	translate
be	eat
be	deport
be	pay
be	announce
be	tell
be	tell
be	stretch
be	do
be	use
be	post
be	consider
be	go
be	quote
be	use
be	hamper
be	detect
be	incapacitate
be	need
be	include
be	give
be	fly
be	publish
be	mandate
be	retain
be	tell
be	say
be	break
be	fix
be	need
be	play
be	play
be	comfort
be	prompt
be	censor
be	observe
be	entitle
be	require
be	stop
be	damage
be	prove
be	inflate
be	make
be	hope
be	make
be	process
be	order
be	discharge
be	commit
be	impose
be	supply
be	define
be	attempt
be	take
be	change
be	touch
be	destroy
be	invent
get	build
be	activate
be	initiate
be	initiate
be	make
be	deny
be	send
be	increase
be	make
be	calculate
be	mean
be	publish
be	commit
be	mount
be	induce
be	move
be	pay
be	authorise
be	send
be	use
be	use
be	flee
’s	show
be	make
be	produce
be	build
be	deliver
be	intend
be	press
be	ensure
be	force
be	require
be	convict
be	take
be	want
be	replace
be	suppose
be	suppose
be	murder
be	instal
be	purchase
be	refer
be	found
be	rename
be	take
be	build
be	dismiss
be	publish
be	tow
be	appoint
be	award
be	appoint
be	rename
be	involve
be	purchase
be	say
be	change
be	open
be	post
be	bring
be	naturalise
be	appoint
be	blow
be	establish
be	sell
be	invite
be	award
be	honour
be	revise
be	elect
be	convict
be	set
be	name
be	load
be	hold
be	induct
be	lure
be	recommend
be	bear
be	recognise
be	award
be	guide
be	release
be	name
be	portray
be	do
be	honor
be	instal
be	award
be	award
be	announce
be	appoint
be	award
be	name
be	award
be	award
be	induct
be	award
be	appoint
be	award
be	take
be	appoint
be	exceed
be	recognise
be	determine
be	endorse
be	undertake
be	find
be	note
be	limit
be	give
be	use
be	use
be	disrupt
be	observe
be	consider
be	know
be	pick
be	legalise
be	associate
be	boost
be	detect
be	withdraw
be	take
be	associate
be	elect
be	require
be	charge
be	destroy
be	guide
be	limit
be	defame
be	write
be	offer
be	spot
be	enter
be	leave
be	post
be	find
be	brush
be	ask
be	injure
be	give
be	put
be	produce
be	fold
be	invent
be	choose
be	find
be	associate
be	bully
be	screen
be	undertake
be	know
be	name
be	comprise
be	destroy
be	supersede
be	launch
be	use
be	employ
be	increase
be	report
be	convict
be	appoint
be	purchase
be	welcome
be	demand
be	suggest
be	recognise
be	indict
be	present
be	extend
be	break
be	push
be	break
be	clamp
be	clamp
be	make
be	ask
be	expect
be	think
be	settle
be	make
be	arrange
got	find
be	announce
be	prepare
be	share
be	sell
be	apply
be	put
be	keep
be	situate
be	award
be	award
be	bring
be	replace
be	contact
be	promote
be	take
be	define
be	wear
be	make
be	base
be	visit
be	mix
be	leave
be	utilise
be	put
be	acquire
be	contain
be	move
be	create
be	determine
be	find
be	interview
be	clean
be	meet
be	call
be	make
be	race
be	supply
be	observe
be	associate
be	instal
be	conduct
be	submit
be	introduce
be	flocculate
be	try
be	involve
be	change
be	view
be	trigger
be	declare
be	recognise
be	write
be	project
be	eliminate
be	rate
be	persuade
be	find
be	change
be	launch
be	make
be	examine
be	doubt
be	take
be	set
be	take
be	complete
be	begin
be	hand
be	ask
be	remind
be	fit
be	embrace
be	link
be	use
be	do
be	pour
be	use
be	supplement
be	consider
be	shred
be	admit
be	describe
be	tell
be	do
be	cause
be	complete
get	use
be	take
be	regard
be	tell
be	endure
be	tell
be	charge
be	indict
be	say
be	form
be	utilize
be	be
be	drive
be	decline
be	denominate
be	revive
be	intoxicate
be	concern
be	give
be	uphold
be	share
be	set
be	state
be	condemn
be	condemn
be	leave
be	assert
be	suggest
be	ascertain
be	need
be	coincide
be	achieve
be	design
be	tell
be	curse
be	mean
be	oppose
be	take
be	cover
be	think
be	teach
be	send
be	write
be	bond
be	motivate
be	disabuse
be	pay
be	know
be	sell
be	learn
be	know
be	surrender
be	destroy
be	mean
be	add
be	use
be	delay
be	suspect
be	subject
be	think
be	use
be	target
be	acknowledge
be	bundle
be	do
be	do
be	imply
be	tell
be	align
be	deepen
be	detect
’s	document
be	do
be	seal
be	note
be	bolster
be	kick
be	sell
be	buy
be	stay
be	express
be	axe
be	build
be	mark
be	take
be	halt
be	approach
be	choose
be	build
be	build
be	accept
be	meet
be	place
be	agree
be	agree
be	agree
be	expose
be	allege
be	contain
be	find
be	agree
be	confirm
be	inspire
be	list
be	shortlist
be	think
be	urge
be	hold
be	anticipate
be	carry
be	give
be	confused
be	thought
be	build
get	rid
be	parrot
be	attend
be	build
be	base
be	base
be	believe
be	redesign
be	carry
be	drain
be	carve
be	guide
be	engage
be	coin
be	compose
be	comprise
be	conclude
be	connect
be	consider
be	transfer
be	configure
be	contend
be	cover
be	use
be	decide
be	send
be	decide
be	deliver
be	describe
be	design
be	design
be	dissect
be	draw
be	empower
be	involve
be	establish
be	suggest
be	erect
be	repair
be	expect
be	split
be	explain
be	consider
be	complete
be	complete
be	fear
be	observe
be	formalize
be	find
be	find
be	find
be	enhance
be	agree
be	report
be	kill
be	craft
be	hold
be	grant
be	reimagine
be	hypothesize
be	find
be	attribute
be	assess
be	make
be	instal
be	quiz
be	site
be	release
be	launch
be	recognize
be	know
be	make
be	manufacture
be	mention
be	reduce
be	siphon
be	name
be	reveal
be	see
be	dispute
be	note
be	see
be	hold
be	kill
be	wound
be	prove
be	eliminate
be	rescue
be	pass
be	select
be	handle
be	call
be	put
be	plan
be	produce
be	force
be	place
be	place
be	justify
be	precede
be	limit
be	premise
be	consider
be	design
be	propose
be	insert
be	publish
be	put
be	put
be	rank
be	use
be	lose
be	report
be	recognise
be	reinforce
be	release
be	retain
be	rule
be	run
be	damage
be	shoot
be	shock
be	design
be	sponsor
be	submit
be	make
be	say
be	submit
be	convict
be	longliste
be	suggest
be	suppose
be	drown
be	deplore
be	use
be	cover
be	introduce
be	rush
be	decide
be	mean
be	leave
be	push
be	translate
be	trigger
be	write
be	write
be	answer
be	set
be	establish
be	take
be	do
be	diagnose
be	surprised
get	peg
be	rule
be	give
be	involve
be	ask
be	oblige
be	assure
be	worry
be	bless
be	blow
be	bear
be	bear
be	bear
be	bear
be	challenge
be	chuff
be	take
be	dismay
be	dress
be	give
be	impress
be	surround
be	induce
be	determine
be	inform
be	move
be	recommend
be	inspire
be	introduce
be	involve
be	judge
be	move
be	lose
be	ask
be	manhandle
be	rule
be	avoid
be	move
be	feed
be	locate
be	offer
be	diagnose
be	park
be	show
be	ask
be	present
be	put
be	place
be	raise
be	contact
be	piss
be	catch
be	call
be	give
got	invite
be	tell
be	tell
be	tell
be	drive
get	ground
be	cramp
be	charge
gets	sort
be	issue
be	receive
be	design
be	bear
be	consider
be	bear
be	tell
be	see
be	select
be	arrest
be	sentence
be	appoint
be	support
be	bear
be	vote
be	reveal
be	praise
be	bear
be	bear
be	suspend
be	bear
be	bear
be	record
be	publish
be	call
be	find
be	promote
be	elect
be	hand
be	call
be	supervise
be	swear
be	fold
be	imprison
be	invite
be	give
be	introduce
be	turn
be	ratshit
be	feature
be	produce
be	establish
be	rename
be	name
be	develop
be	put
be	consider
be	frame
be	camp
be	award
be	execute
be	charge
be	accompany
be	instal
be	pick
be	wrap
be	disqualify
be	bear
be	kill
be	bury
be	add
be	decrease
be	take
be	delegate
be	win
be	book
be	list
be	post
be	combine
be	send
be	use
be	develop
be	consider
be	bestow
be	allot
be	burn
be	ban
be	associate
be	name
be	observe
be	know
be	use
be	select
be	vote
be	tell
be	do
be	tested
be	replace
be	approve
be	deregistere
be	study
be	spend
be	play
be	compromise
be	identify
be	bear
be	bear
be	bear
be	appoint
be	forget
be	register
be	trace
be	make
be	use
be	shoot
be	immortalize
be	send
be	strike
be	use
be	bear
be	baptise
be	cremate
be	visit
be	remove
be	tell
be	yank
be	award
be	hold
be	launch
be	bear
be	join
be	consider
be	go
be	beat
be	decrease
be	apply
be	involve
be	make
be	establish
be	observe
be	disconnect
be	injure
be	cut
be	bear
be	bear
be	conduct
be	use
be	recruit
be	analyse
be	assess
be	summon
be	elect
be	name
be	add
be	add
be	assassinate
be	contrast
be	release
be	bear
be	base
be	bring
be	describe
be	record
be	conduct
be	persuade
be	send
be	want
’s	discover
be	diagnose
be	take
be	establish
be	ask
be	tell
be	write
be	expect
be	predict
be	base
be	surround
be	observe
be	report
be	cover
be	find
be	follow
be	deem
be	adopt
be	start
be	announce
be	extinguish
be	involve
be	take
be	convict
be	continue
be	expand
be	obtain
be	suppose
be	instal
be	spelt
be	make
be	seat
be	authorise
be	retire
be	make
be	achieve
be	use
be	design
be	replace
be	hear
be	honour
be	draw
be	present
be	recommend
be	heed
be	make
be	establish
be	give
be	justify
be	employ
be	motivate
be	present
be	fete
be	refer
be	meet
be	alert
be	detain
be	choose
be	shoot
be	base
be	base
be	shoot
be	bear
be	recover
be	invite
be	hospitalise
be	take
be	bear
be	stuff
be	bear
be	find
be	bear
be	drown
be	base
be	immerse
be	fit
be	tell
be	book
be	enrich
be	take
be	propose
be	add
be	design
be	spend
be	bear
be	train
be	do
be	carry
be	devoted
be	form
be	choose
be	create
be	grant
be	hit
be	reshape
be	observe
be	observe
be	mention
be	bear
be	manipulate
be	adopt
be	accompany
be	show
be	suppose
be	move
be	elect
be	note
be	make
be	take
be	keep
be	prepare
be	write
be	cause
be	find
be	settle
be	write
be	find
be	leave
be	cut
be	find
be	observe
be	conduct
be	miss
be	know
be	release
be	class
be	deliver
be	design
be	levy
be	establish
be	fill
be	issue
be	exhibit
be	calculate
be	calculate
be	lose
be	intend
be	establish
be	find
be	bear
be	bear
be	list
be	shoot
be	euthanase
be	leave
be	inform
be	admit
be	concern
be	adjourn
be	appoint
be	measure
be	confront
be	extend
be	load
be	activate
be	impose
be	hand
be	pay
be	assign
be	find
be	rectify
be	win
be	insert
be	campaign
be	determine
be	include
be	identify
be	approve
be	lodge
be	establish
be	carry
be	relate
be	apply
be	remove
be	measure
be	identify
be	reach
be	bring
be	imbue
be	add
be	call
be	operate
be	undertake
be	complicate
be	arrest
be	file
be	deposit
be	partner
be	build
be	move
be	manifest
be	develop
be	kill
be	involve
be	shoot
be	wound
be	expect
be	damage
be	carry
be	require
be	know
be	see
be	run
be	abort
be	find
be	write
be	suspend
be	place
be	hold
be	defeat
be	dump
be	determine
be	need
be	design
be	murder
be	interview
be	promote
be	mean
be	found
be	pass
be	base
be	modernize
be	present
be	transmit
be	change
be	set
be	call
be	go
be	award
be	appoint
be	report
be	see
be	base
be	hold
be	report
be	evaluate
be	pour
be	mean
be	do
be	focus
be	give
be	control
be	provide
be	stop
’s	win
be	complete
be	find
be	package
be	rate
be	create
be	establish
be	hospitalise
be	suppress
be	base
be	use
be	develop
be	report
be	determine
be	begin
be	disadvantage
be	model
be	fasten
be	leave
be	employ
be	see
be	fund
be	carry
be	define
be	call
be	predict
be	take
be	involve
be	rescue
be	hit
be	sack
be	associate
be	kill
’s	be
be	convert
be	establish
be	strike
be	find
be	underscored
be	kill
be	arrest
be	obtain
be	perform
be	set
be	choose
be	cast
be	test
be	give
be	diagnose
be	influence
be	do
be	involve
be	garner
be	use
be	consider
be	aim
be	employ
be	fine
be	use
be	beat
be	find
be	support
be	follow
be	bear
be	join
be	develop
be	measure
be	feature
be	fine
be	find
be	lift
be	cease
be	report
be	receive
be	design
be	keep
be	require
be	average
be	place
be	detect
be	glorify
be	confirm
be	assess
be	create
be	bear
be	advise
be	achieve
be	use
be	cover
be	contest
be	revere
be	place
be	advertise
be	entitle
be	make
be	announce
be	select
be	launch
be	arrange
be	nationalise
be	make
be	bear
be	befuddle
be	conclude
be	suppose
be	add
be	establish
be	raise
be	discharge
be	hold
be	control
be	use
be	promote
be	make
be	found
be	complete
be	take
be	throw
be	bear
be	keep
be	assess
be	play
be	bear
be	bear
be	hold
be	place
be	compromise
be	replace
be	test
be	inoculate
be	celebrate
be	affiliate
be	undertake
be	report
be	defeat
be	defer
be	hold
be	occasion
be	conduct
be	provide
be	put
be	bury
be	bury
be	bury
be	interview
be	choose
be	determine
’s	discharge
be	discharge
be	accompany
be	name
be	recognise
be	nominate
be	call
be	treat
be	arrest
be	ask
be	award
be	make
be	bear
be	bear
be	bear
be	bear
be	bear
be	bury
be	elect
be	entitle
be	cease
be	calculate
be	know
be	know
be	lock
be	name
be	replace
be	ask
be	subject
be	purchase
be	raise
be	phase
be	take
be	select
be	thrill
be	vote
be	include
be	leave
be	cancel
be	measure
be	exhibit
be	study
be	bear
be	utilise
be	entitle
be	entitle
be	order
be	require
be	moot
be	pass
be	start
be	announce
be	release
be	carry
be	bear
be	give
be	include
be	allow
be	deny
be	instal
be	test
be	call
be	involve
be	ask
be	inspire
be	measure
be	determine
be	measure
be	take
be	bully
be	buy
be	mention
be	write
be	leave
be	make
be	replace
be	involve
be	award
be	contribute
be	introduce
be	be
be	replace
be	contain
be	prefer
be	make
be	buy
be	use
be	admit
be	set
be	charge
be	try
be	chide
be	spread
be	traverse
be	expect
be	put
be	locate
be	correlate
be	take
be	manufacture
be	bear
be	launch
be	use
be	close
be	enact
be	throw
be	win
be	elect
be	limit
be	capture
be	think
be	reduce
be	open
be	associate
be	enhance
be	distribute
be	observe
be	reduce
be	include
be	assess
be	make
be	announce
be	allow
be	adapt
be	appoint
be	appoint
be	ravage
be	report
be	offer
be	affect
be	develop
be	invite
be	kill
be	assess
be	assess
be	conduct
be	rate
be	show
be	use
be	bear
be	take
be	diagnose
be	engulf
be	conduct
be	design
be	spare
be	discover
be	reconsider
be	assess
be	find
be	fix
be	exclude
be	buy
be	share
be	establish
be	reject
be	think
be	repute
be	force
be	renew
be	launch
be	base
be	schedule
be	complete
be	introduce
be	evidence
be	inscribe
be	complete
be	give
be	beat
be	abolish
be	build
be	appoint
be	run
be	construct
be	open
be	win
be	see
be	deliver
be	lead
be	remember
be	perform
be	complete
be	expect
be	introduce
be	discontinue
be	form
be	build
be	see
be	produce
be	repeat
be	appoint
be	conduct
be	reactivate
be	assess
be	compile
be	desire
be	agree
be	refuse
be	use
be	instal
be	recover
be	hold
be	develop
be	present
be	cycle
be	dismantle
be	greet
be	provide
be	find
be	fix
be	enter
be	record
be	hear
be	hear
be	apply
be	discuss
be	include
be	exhibit
be	deny
be	tell
be	dismiss
be	sentence
be	take
be	establish
be	retire
be	test
be	settle
be	grass
be	berth
be	maintain
be	establish
be	steal
be	hold
be	conduct
be	do
be	overturn
be	drive
be	use
be	refer
be	limit
be	hold
be	begin
be	develop
be	base
be	change
be	make
be	give
be	settle
be	inspire
be	measure
be	carry
be	develop
be	use
be	create
be	present
be	push
be	strike
be	determine
be	think
be	intend
be	win
be	restore
be	trace
be	revise
be	market
be	improve
be	armed
be	grasp
be	leave
be	dispatch
be	recover
be	build
be	strip
be	replace
be	launch
be	publish
be	sink
be	open
be	cancel
be	create
be	acquit
be	sentence
be	give
be	occupy
be	evaluate
be	award
be	proclaim
be	dislike
be	run
be	verify
be	analyze
be	rate
be	pack
be	situate
be	eliminate
be	donate
be	present
be	drive
be	see
be	domesticate
be	submit
be	design
be	make
be	require
be	consult
be	establish
be	name
be	see
be	hold
be	enact
be	expose
be	verify
be	sweep
be	find
be	call
be	postpone
be	adopt
be	increase
be	give
be	carve
be	achieve
be	base
be	pilot
be	stain
be	blanch
be	undermine
be	use
be	select
be	base
be	strain
be	break
be	undertake
be	print
be	establish
be	set
be	tell
be	urge
be	make
be	abandon
be	analyse
be	fill
be	damage
be	take
be	portray
be	measure
be	carry
be	offload
be	obtain
be	attach
be	lay
be	test
be	implicate
be	suppose
be	praise
be	design
be	hear
be	proceed
be	see
be	do
be	support
be	exemplify
be	recover
be	use
be	release
be	examine
be	build
be	make
be	update
be	take
be	choose
be	pay
be	require
be	lodge
be	grant
be	slate
be	complete
be	unveil
be	report
be	parameterise
be	wound
be	appoint
be	respect
be	invite
be	breach
be	appeal
be	describe
be	initial
be	sign
be	implement
be	develop
be	convict
be	rechecke
be	increase
be	increase
be	investigate
be	show
be	hold
be	eliminate
be	focus
be	inspire
be	make
be	say
be	help
be	create
be	admit
be	design
be	take
be	open
be	retrofit
be	clamp
be	base
be	draw
be	analyze
be	see
be	establish
be	consider
be	elute
be	cause
be	make
be	allow
be	relaxed
be	find
be	use
be	record
be	print
be	judge
be	impose
be	evaluate
be	pass
be	crown
be	undertake
be	involve
be	dismiss
be	find
be	bathe
be	comply
be	say
be	decoy
be	put
be	distribute
be	give
be	analyse
be	fund
be	move
be	build
be	explain
be	know
be	pass
be	break
be	refloat
be	use
be	use
be	choose
be	bury
be	lodge
be	report
be	appeal
be	note
be	open
be	play
be	accredit
be	wean
be	anticipate
be	complete
be	put
be	support
be	describe
be	remember
be	cover
be	implement
be	delete
be	suppose
be	answer
be	give
be	ask
be	use
be	undertake
be	supervise
be	breach
be	put
be	hold
be	hold
be	design
be	need
be	instruct
be	puzzle
be	head
be	find
be	continue
be	supply
be	establish
be	contribute
be	use
be	reduce
be	fix
be	fix
be	join
be	set
be	introduce
be	regard
be	confirm
be	complete
be	colour
be	find
be	establish
be	remove
be	make
be	develop
be	fit
be	impact
be	offer
be	express
be	promote
be	prolong
be	credit
be	transport
be	say
be	shake
be	exchange
be	make
be	develop
be	bear
be	build
be	attract
be	set
be	introduce
be	compare
be	interview
be	publish
be	make
be	turn
be	develop
be	shape
be	introduce
be	televise
be	publish
be	build
be	give
be	return
be	associate
be	own
be	produce
be	construct
be	build
be	establish
be	rename
be	reopen
be	fund
be	achieve
be	compare
be	inherit
be	test
be	bill
be	consider
be	source
be	calculate
be	extradite
be	influence
be	swollen
be	base
be	rewrite
be	hold
be	hold
be	give
be	hold
be	use
be	establish
be	draw
be	base
be	enact
be	utilize
be	select
be	criticise
be	suit
be	accept
be	lose
be	arrest
be	reject
be	soak
be	bear
be	track
be	promulgate
be	deem
be	auction
be	put
be	carry
be	perceive
be	complete
be	undertake
be	conduct
be	protect
be	entitle
be	occasion
be	inflict
be	commit
be	harm
be	begin
be	cover
be	lease
be	strew
be	subdivide
be	use
be	release
be	close
be	convert
be	form
be	defeat
be	report
be	see
be	open
be	presume
be	cover
be	introduce
be	write
be	perceive
be	post
be	restore
be	foreshadow
be	design
be	strengthen
be	contradict
be	involve
be	lace
be	cause
be	romanise
be	know
be	develop
be	print
be	finish
be	play
be	deliver
be	abandon
be	utilize
be	stage
be	bail
be	bathe
be	remand
be	sentence
be	disseminate
be	favour
be	give
be	dispel
be	contest
be	perform
be	treat
be	set
be	hear
be	issue
be	create
be	identify
be	determine
be	release
be	destroy
be	base
be	design
be	test
be	sign
be	pay
be	receive
be	enter
be	find
be	introduce
be	diagnose
be	form
be	create
be	create
be	market
be	derive
be	write
be	shake
be	use
be	fund
be	establish
be	translate
be	publish
be	allow
be	launch
be	open
be	open
be	open
be	form
be	welcome
be	call
be	kill
be	make
be	announce
be	spend
be	sell
be	give
be	embrace
be	place
be	film
be	propose
be	give
be	make
be	give
be	leave
be	spose
be	set
be	win
be	leave
be	fold
be	establish
be	determine
be	record
be	take
be	overthrow
be	wrap
be	sinbinne
be	engage
be	base
be	recite
be	motivated
be	grow
be	find
be	obtain
be	involve
be	organize
got	trample
be	host
be	ommitte
be	send
be	require
be	handicap
be	design
be	mix
be	sentence
be	lead
be	compose
be	run
be	immerse
be	discover
be	buff
be	obscure
be	ask
be	find
be	find
be	investigate
be	prosecute
be	prove
be	write
be	take
be	encourage
be	shock
be	create
be	fund
be	apply
be	set
be	position
be	extend
be	use
be	approve
be	develop
be	finalize
be	decide
be	impose
be	form
be	perforate
be	elevate
be	personalise
be	personalise
be	establish
be	amend
be	amend
be	entitle
be	carry
be	administer
be	require
be	threaten
be	deposit
be	sell
be	manage
be	inform
be	investigate
be	transfer
be	etch
be	develop
be	receive
be	take
be	take
be	establish
be	announce
be	cause
be	declare
be	aim
be	examine
be	observe
be	leave
be	replace
be	cause
be	instal
be	base
be	erect
be	make
be	conduct
be	estimate
be	entrust
be	dissect
be	design
be	launch
be	compose
be	transfer
be	design
be	undertake
be	examine
be	mark
be	find
be	sell
be	enjoin
be	bear
be	spread
be	focusse
be	amend
be	make
be	note
be	program
be	give
be	settle
be	administer
be	fill
be	compare
be	include
be	shut
be	start
be	believe
be	herald
be	name
be	plant
be	achieve
be	hold
be	know
be	release
be	find
be	award
be	cause
be	overload
be	design
be	diagnose
be	intend
be	do
be	measure
be	make
be	base
be	conduct
be	produce
be	finalise
be	defeat
be	defeat
be	develop
be	perform
be	perform
be	extend
be	draw
be	initiate
be	employ
be	identify
be	use
be	influence
be	commission
be	limit
be	mark
be	pick
be	discuss
be	slice
be	terminate
be	attach
be	remand
be	exude
be	suppose
be	make
be	cancel
be	reveal
be	buss
be	resolve
be	maintain
be	store
be	see
be	leave
be	do
be	manage
be	drown
be	read
be	lay
be	entrench
be	find
be	root
be	set
be	shell
be	instal
be	know
be	see
be	post
be	power
be	pack
be	update
be	make
be	inform
be	cite
be	sell
be	found
be	abandon
be	discontinue
be	provide
be	select
be	hand
be	lower
be	divide
be	announce
be	complete
be	create
be	believe
be	strike
be	increase
be	hit
be	concern
be	hold
be	know
be	keep
be	martyr
be	receive
be	conduct
be	release
be	post
be	design
be	use
be	design
be	affiliate
be	put
be	require
be	estimate
be	instal
be	determine
be	reverse
be	include
be	use
be	use
be	destroy
be	find
be	take
be	serve
be	save
be	crucify
be	play
be	influence
be	administer
be	release
be	retire
be	program
be	compile
be	compile
be	shut
be	aggravate
be	place
be	found
be	do
be	use
be	include
be	challenge
be	write
be	approve
be	add
be	investigate
be	set
be	postpone
be	set
be	take
be	put
be	utilise
be	show
be	instal
be	maintain
be	use
be	pass
be	repair
be	pack
be	situate
be	motivate
be	draw
be	approve
be	carry
be	conduct
be	fund
be	undertake
be	inclined
be	use
be	take
be	wrap
be	add
be	instal
be	accept
be	locate
be	keep
be	set
be	mask
be	study
be	stain
be	design
be	patent
be	develop
be	design
be	kill
be	save
be	reflect
be	develop
be	hold
be	embed
be	lose
be	record
be	burn
be	place
be	impeach
be	discover
be	switch
be	recover
be	cut
be	explain
be	open
be	link
be	settle
be	abandon
be	issue
be	refer
be	pave
be	borrow
be	move
be	suspend
be	present
be	cause
be	build
be	pot
be	take
be	return
be	see
be	move
be	assume
be	colour
be	lead
be	dawn
be	win
be	give
be	pull
be	intend
be	set
be	consider
be	set
be	subordinate
be	make
be	find
be	find
be	release
be	undertake
be	send
be	shoot
be	fund
be	find
be	establish
be	appal
be	form
be	finalise
be	devote
be	position
be	develop
be	organise
’m	use
be	test
be	list
be	find
be	declare
be	bear
be	build
be	build
be	embroider
be	do
be	tell
be	use
be	hold
be	do
be	inform
be	undertake
be	ignore
be	cauterize
be	suspend
be	bear
be	find
be	spend
be	entitle
be	earn
be	sell
be	limit
be	include
be	source
be	diagnose
be	empty
be	discover
be	contract
be	own
be	grant
be	base
be	commission
be	bring
be	capture
be	regard
be	approve
be	cancel
be	adapt
be	publish
be	publish
be	publish
be	publish
be	prepare
be	prepare
be	create
be	point
be	relate
be	reward
be	introduce
be	write
be	show
be	call
be	give
be	target
be	offer
be	shoot
be	exhibit
be	choose
be	hold
be	meet
be	establish
be	see
be	test
be	hold
be	make
be	view
be	power
be	commission
be	open
be	encounter
be	throw
be	release
be	kill
be	expose
be	loop
be	take
be	witness
be	report
be	initiate
be	create
be	observe
be	found
be	use
be	write
be	pronounced
be	set
be	compare
be	suggest
be	make
be	wield
be	anchor
be	deliver
be	prove
be	produce
be	comfort
be	construct
be	sell
be	seize
be	bring
be	write
be	release
be	add
be	prepare
be	review
be	discuss
be	list
be	relate
be	use
be	play
be	accrete
be	forecast
be	have
be	publish
be	conduct
be	use
be	take
be	lead
be	establish
be	miss
be	inaugurate
be	know
be	measure
be	generate
be	generate
be	generate
be	generate
be	generate
be	generate
be	generate
be	generate
be	generate
be	generate
be	generate
be	generate
be	edit
be	modify
be	modify
be	modify
be	modify
be	modify
be	modify
be	modify
be	modify
be	update
be	update
be	support
be	submit
be	select
be	suppress
be	carry
be	make
be	consider
be	reuse
be	issue
be	develop
be	prescribe
be	approve
be	design
be	add
be	add
be	add
be	add
be	add
be	design
be	design
be	fund
be	laud
be	accept
be	establish
be	despatch
be	answer
be	design
be	incorporate
be	make
be	issue
be	sponsor
be	publish
be	publish
be	defeat
be	establish
be	drive
be	address
be	agree
be	establish
be	bring
be	perform
be	identify
be	use
be	report
be	undertake
be	know
be	start
be	design
be	excavate
be	intend
be	use
be	use
be	believe
be	sell
be	achieve
be	achieve
be	overpay
be	entitle
be	agree
be	find
be	confine
be	apply
be	arrange
be	attribute
be	confirm
be	confirm
be	consider
be	associate
be	demonstrate
be	do
be	execute
be	explain
be	follow
be	invite
be	follow
be	follow
be	occupy
be	grant
be	indicate
be	build
be	make
be	make
be	blame
be	make
be	find
be	do
be	engage
be	leave
be	prompt
be	perform
be	put
be	review
be	test
be	targette
be	call
be	bring
be	think
be	identify
be	entitle
be	deduct
be	write
be	hold
be	center
be	give
be	bear
be	recall
be	stab
be	make
be	popularise
be	involve
be	know
be	sow
be	keep
be	decide
be	recognise
be	introduce
be	establish
be	put
be	orphan
be	reject
be	increase
be	make
be	appoint
be	broadcast
be	classify
be	fortify
be	erect
be	book
be	interview
be	design
be	make
be	publish
be	construct
be	consult
be	elect
be	reflect
be	require
be	do
be	recover
be	open
be	take
be	send
be	see
be	say
be	conduct
be	send
be	suspect
be	introduce
be	try
be	join
be	endorse
be	view
be	hold
be	burn
be	take
be	quote
be	set
be	go
be	write
be	fight
be	blunt
be	disabled
be	take
be	find
be	forward
be	force
be	discover
be	switch
be	empower
be	pay
be	specify
’s	disappointed
be	tell
be	attend
be	swamp
be	honour
be	have
be	establish
be	authorise
be	create
be	find
be	deposit
be	reduce
be	see
be	show
be	use
be	perform
be	adapt
be	quarry
be	find
be	use
be	achieve
be	monitor
be	design
be	reflect
be	mean
be	wean
be	find
be	define
be	reward
be	find
be	obtain
be	make
be	sell
be	give
be	follow
be	launch
be	release
be	make
be	surround
be	use
be	appoint
be	list
be	inspire
be	present
be	drive
be	do
be	summon
be	keep
be	make
be	see
be	put
be	recognise
be	suppose
be	intimidate
be	fabricate
be	observe
be	support
be	broadcast
be	settle
be	release
be	report
be	associate
be	play
be	knock
be	stoke
be	attend
be	ttc
be	follow
be	put
be	tell
be	complete
be	use
got	stare
be	say
be	arrange
be	bear
be	stop
be	bear
be	hold
be	describe
be	chasten
be	train
be	bring
be	flute
be	turn
be	try
be	assure
be	mistake
be	blow
be	involve
be	hold
be	burn
’s	do
be	shadow
be	praise
be	allow
be	accommodate
be	see
be	mean
be	need
be	suppose
be	charge
be	release
be	consider
be	make
be	dole
be	make
be	paint
be	see
be	tell
be	merge
be	name
be	do
be	combine
be	do
be	set
be	shake
be	find
be	do
be	deny
be	ask
be	bear
be	bear
be	do
be	orphan
be	impress
be	blow
be	postpone
be	call
be	diagnose
be	strike
be	tell
be	meet
be	bear
be	hand
be	ask
be	pay
be	bear
be	train
be	agree
be	review
be	open
be	find
be	hand
be	perform
be	grasp
be	critique
be	project
be	find
be	examine
be	report
be	awe
be	establish
be	amend
be	initiate
be	eliminate
be	purchase
be	plant
be	apply
be	associate
be	examine
be	register
be	transport
be	do
be	root
be	use
be	restore
be	assemble
be	nail
be	reject
be	involve
be	prefer
be	take
be	correct
be	suppose
be	allow
be	put
be	believe
be	encourage
be	make
be	kill
be	catch
be	traffic
be	strike
be	overturn
be	break
be	tinge
be	bear
be	put
be	establish
be	set
be	bear
be	bear
be	bring
be	order
be	print
be	target
be	make
be	found
be	notify
be	inform
be	take
be	take
be	strike
be	carry
be	believe
be	shoot
be	recognise
be	amend
be	kick
be	connect
be	ram
be	accuse
be	remove
be	support
be	maxe
be	admit
be	assess
be	grant
be	point
be	hold
be	put
be	rape
be	release
be	dismiss
be	involve
be	do
be	accept
