to	have
to	coax
be	pump
to	stimulate
to	care
have	hear
have	assault
have	face
do	know
having	miss
be	wait
to	take
to	pursue
to	land
would	allow
to	pay
be	go
to	split
to	win
could	get
to	beat
be	look
to	fight
to	help
be	affect
to	erect
be	lounge
be	hang
do	know
have	approve
be	back
to	see
be	walk
to	come
be	feel
would	serve
to	aggravate
to	stem
would	harmonise
to	inform
to	make
have	impress
to	meet
would	go
to	support
to	get
would	give
would	date
have	reach
to	enter
to	move
could	take
have	ask
to	close
to	lose
to	hold
to	resume
have	stop
to	take
to	emphasize
be	check
be	loiter
to	describe
be	browse
to	capitalise
have	conduct
have	bully
should	isolate
be	travel
be	wear
be	go
to	lie
do	feel
be	happen
do	think
could	say
should	have
be	sell
have	chase
be	chase
be	go
would	let
to	see
be	take
to	progress
to	understand
have	remain
to	be
would	be
have	be
to	serve
do	work
be	test
to	turn
be	pretend
to	shop
be	shop
have	share
be	study
be	have
be	welcome
to	help
to	be
be	carry
to	express
will	return
to	withdraw
to	promote
to	organize
have	ask
to	expand
to	gives
to	step
be	contest
be	have
to	meet
to	go
to	face
do	walk
be	pressurize
be	drop
would	comprise
to	cover
could	do
to	play
to	find
having	extricate
to	go
be	go
to	specialise
to	make
to	break
to	bite
be	place
to	leave
to	shorten
to	make
will	play
to	take
to	take
be	establish
be	try
to	rebuild
do	believe
to	be
to	create
can	work
to	find
would	turn
be	trail
be	getting
to	delay
have	repair
have	net
have	shove
have	become
to	spend
have	leave
to	settle
would	have
to	quit
do	have
do	have
to	find
to	get
to	close
to	create
would	treat
to	obstruct
be	go
to	take
to	post
to	do
to	continue
to	book
will	stick
be	trade
to	discuss
have	fade
could	use
to	teach
to	swallow
be	call
have	point
have	undergo
have	allege
have	be
have	send
to	work
can	see
be	go
to	resolve
have	suffer
be	suffer
to	recite
to	get
do	think
to	revive
have	conclude
have	take
do	specify
would	be
have	set
be	expect
might	be
have	respond
be	work
to	speed
to	make
to	talk
be	say
have	take
to	receive
to	investigate
be	expect
to	celebrate
to	celebrate
have	rubbish
be	draft
should	be
to	pressure
to	investigate
be	move
to	challenge
be	loom
to	go
will	be
to	be
have	be
to	figure
can	say
could	keep
to	make
to	abide
be	go
be	go
to	do
could	stop
have	secure
to	bring
've	hope
be	hope
would	recall
be	happen
to	do
to	limit
to	keep
have	find
to	voice
be	threaten
have	say
to	ensure
do	mention
to	go
be	consider
to	let
to	deliver
to	cook
would	roll
to	challenge
to	keep
do	name
be	refer
might	be
have	appear
to	get
be	talk
to	be
would	be
would	like
to	try
to	avoid
have	stall
will	happen
have	embrace
have	register
to	build
could	be
have	chide
have	say
to	protest
to	understand
will	present
have	designate
would	spoil
be	drive
be	drive
to	be
be	cheat
have	arrest
to	aid
be	leave
have	die
be	cross
to	join
to	provide
can	work
to	perform
to	transport
to	pose
to	have
to	move
to	speak
would	stop
to	serve
to	sleeper
have	offer
have	reduce
have	record
to	wait
to	put
to	approve
to	approve
have	reveal
be	witness
to	set
have	brace
would	get
would	be
to	have
to	defend
would	be
to	accede
to	organise
be	continue
do	have
to	have
will	feature
have	happen
must	confess
have	help
to	cancel
to	ask
have	pass
would	get
could	move
can	tell
can	tell
can	walk
have	lead
be	lead
to	develop
to	pick
be	jump
should	disburse
do	think
be	go
to	come
have	forget
can	go
to	take
to	remove
be	drive
be	scream
be	go
to	do
would	appear
to	prohibit
do	cross
can	control
to	believe
will	set
to	say
to	do
to	accommodate
will	demonstrate
be	demonstrate
have	advise
be	advise
could	use
to	be
to	be
be	do
do	recognise
to	tell
to	cheat
to	figure
be	allude
do	matter
may	oppress
to	observe
to	see
can	be
do	answer
would	persist
do	challenge
to	get
would	come
to	endure
have	endure
’re	look
to	get
to	match
be	try
to	prepare
to	do
’re	go
to	kill
to	come
would	go
would	show
oftentimes	show
be	film
could	get
have	overcome
to	shake
do	take
must	tell
've	have
can	tell
be	go
be	come
to	enrol
be	head
be	go
to	run
to	work
to	step
to	hold
be	serve
be	go
to	say
do	charge
have	be
be	get
be	grow
to	nail
be	accept
can	bring
be	happen
be	listen
could	tell
be	go
to	take
be	have
be	do
can	relate
could	interpret
to	mean
have	do
to	stay
to	signal
should	leave
have	leave
’re	go
to	play
be	say
could	differentiate
to	be
to	add
have	lose
be	look
to	edit
be	deafen
to	go
to	score
've	see
’s	wait
could	tell
to	be
can	resist
do	go
could	wait
to	get
could	come
have	dig
could	contact
to	take
have	leave
be	use
be	reflect
will	come
to	address
be	receive
have	get
have	say
to	adhere
to	go
would	have
would	limit
to	choose
to	push
be	work
be	face
to	promote
to	question
be	investigate
to	introduce
to	stand
will	take
will	auction
to	raise
to	replenish
would	be
be	visit
be	shift
be	let
be	claim
be	field
to	flee
have	flee
to	make
to	try
to	come
to	give
will	learn
to	be
be	plan
to	protest
to	name
would	paint
to	look
be	tell
to	go
to	raise
will	do
be	place
can	identify
to	let
to	rummage
have	rummage
be	miss
have	disavow
to	promote
have	seize
to	sow
have	emphasise
be	face
do	play
to	learn
to	learn
to	improve
be	do
to	refine
be	deny
have	speak
to	call
to	contact
to	contact
to	be
to	pass
to	slash
to	bring
to	be
to	celebrate
be	look
to	be
to	procure
to	ensure
to	reward
be	stay
be	rebuild
be	hold
do	go
have	reveal
to	be
be	discuss
to	distribute
be	win
to	loosen
to	have
to	stay
be	go
to	deliver
to	report
be	make
be	fight
to	attack
be	reprise
have	start
have	result
to	adjourn
be	file
to	attempt
to	extract
to	execute
to	support
be	award
be	go
to	sit
will	allow
to	attend
be	look
have	outgrow
have	take
have	say
to	reactivate
to	reach
to	take
to	go
to	go
to	stop
to	see
have	suffer
have	be
have	have
na	nkwa
be	look
to	rent
to	be
be	adhere
do	matter
be	look
have	work
would	dissuade
be	run
to	raise
to	help
to	read
would	make
have	go
to	see
to	enforce
have	create
to	identify
to	believe
to	disclose
would	benefit
would	dish
to	expect
have	tell
to	say
would	be
to	become
would	be
to	protect
to	be
to	murder
may	erase
will	introduce
to	be
to	read
will	be
be	start
to	see
be	remove
to	appoint
to	monitor
do	seem
to	address
have	be
to	build
to	win
to	do
be	explore
to	use
be	stop
sat	wait
have	eat
be	clean
be	bear
do	want
to	get
to	make
have	open
have	take
would	matter
have	matter
have	be
to	see
be	leave
to	vandalise
be	muster
to	finish
be	pass
to	come
do	think
be	come
would	stay
to	make
to	respond
could	prevent
do	express
to	elaborate
do	offer
have	help
be	go
might	reinstate
to	cross
to	show
’s	play
will	be
to	dismiss
to	pull
to	do
could	welcome
to	surpass
would	understand
have	understand
have	charge
to	call
do	come
to	register
to	keep
to	lead
to	prosecute
to	recover
should	collect
should	be
have	study
be	concede
should	give
to	disclose
to	ensure
do	provide
’ve	look
be	look
to	provide
have	start
have	brag
have	show
to	help
to	cook
be	walk
be	start
to	ravage
to	be
to	report
’d	check
to	let
to	sleepwalk
to	be
to	open
to	announce
to	lose
be	kick
be	adjust
be	adjust
to	partner
to	tighten
to	host
to	tolerate
have	expose
could	make
will	remain
have	confirm
will	get
be	seek
to	leave
to	know
to	intervene
have	recover
have	know
to	do
to	access
to	approve
will	permit
to	forgo
to	be
to	get
to	create
to	vote
will	be
to	learn
to	build
to	build
to	contain
have	force
would	be
to	play
can	see
can	see
do	have
have	stay
to	fetch
have	observe
be	stay
to	make
have	breach
mocked	widow
to	return
do	think
to	do
do	match
to	break
to	allow
to	negotiate
to	keep
have	complain
would	wake
to	find
be	wait
have	remain
be	consider
will	replace
to	serve
to	stay
should	require
to	join
have	die
would	lay
be	try
to	strengthen
have	die
to	distribute
to	comment
to	take
will	fight
have	burn
to	quarantine
be	go
to	start
be	go
could	walk
could	work
to	write
be	try
to	contain
to	pay
to	remain
be	stand
be	work
be	protest
be	communicate
to	consolidate
to	allow
would	insure
to	agree
to	say
be	empower
to	unelected
have	bypass
to	testify
have	explain
be	build
do	receive
to	appear
be	examine
to	invest
be	work
to	sell
do	know
be	go
be	wait
to	see
be	go
to	announce
be	go
to	be
be	investigate
to	release
be	emerge
to	live
have	live
be	head
be	save
have	impose
to	access
must	address
be	increase
be	improve
to	close
to	spread
be	hold
have	become
be	drive
to	make
to	approach
be	conduct
to	make
to	provide
will	continue
to	consider
to	ascertain
to	trade
have	leave
be	investigate
be	hold
to	protest
to	expand
have	hear
’re	investigate
to	be
be	come
to	test
could	hold
to	launch
be	receive
to	inflict
have	inflict
to	unleash
to	support
would	drive
to	do
would	assimilate
to	return
be	tend
would	go
have	honour
to	play
do	want
to	know
would	take
to	have
to	test
have	be
be	struggle
be	monitor
to	move
be	go
to	happen
to	make
have	remove
would	spread
have	bear
to	be
do	want
to	be
have	compete
to	keep
to	go
to	get
could	get
be	do
be	find
might	be
have	report
to	check
’ll	do
could	use
to	represent
to	arrange
be	serve
to	be
to	audition
to	paint
to	attack
be	plan
to	become
be	attack
to	win
have	show
be	live
be	produce
will	be
be	study
have	plot
do	compete
do	do
would	lose
would	lose
be	pick
to	retaliate
to	do
’m	work
to	make
have	be
to	end
would	happen
could	see
to	push
to	mention
to	live
do	look
be	going
to	make
to	keep
to	see
can	overcome
be	travel
have	make
have	adopt
be	help
to	contain
to	speak
to	come
to	make
be	dominate
be	have
to	make
have	leave
to	create
to	do
will	handle
be	probe
be	yell
be	discuss
to	be
could	run
to	hear
to	joke
do	complain
to	dream
be	look
have	pass
to	achieve
could	sit
to	be
to	watch
to	fellow
would	cover
be	wear
to	run
be	sport
to	confuse
to	disperse
to	fight
to	take
be	wear
be	go
to	base
to	bear
to	play
to	protect
to	attend
to	join
would	complicate
to	reach
have	blast
to	spiral
would	go
to	win
be	try
to	protect
have	happen
be	try
to	pin
have	lose
be	proceed
to	celebrate
to	play
to	finish
have	continue
to	impress
should	get
be	fly
be	coordinate
to	file
to	see
could	cross
could	lead
to	have
be	wear
do	appreciate
to	put
be	clinch
to	face
could	be
to	stand
to	hide
to	avoid
be	refer
to	modernize
be	charge
might	wait
to	wonder
to	be
to	ask
might	use
have	use
to	prepare
be	come
to	lose
to	paint
to	fell
have	fell
do	act
to	commit
to	wait
could	step
be	flout
have	reopen
do	see
to	restore
to	see
to	defy
to	defend
to	be
to	transform
be	abide
be	go
to	do
to	recruit
to	address
do	think
have	become
to	make
to	defend
be	feel
to	say
to	fill
have	sideline
to	deliver
would	have
to	pay
would	find
could	do
should	know
to	see
to	grow
do	know
do	remember
to	see
be	take
to	sign
could	afford
to	take
have	be
to	read
be	do
to	build
would	upload
to	mislead
would	go
be	do
be	go
to	shoot
can	see
to	reopen
have	reopen
to	be
to	say
to	drive
to	stuff
do	know
would	be
to	discuss
to	see
have	mine
to	open
be	go
have	orchestrate
to	read
be	write
to	be
to	observe
to	reduce
can	go
to	combat
could	hole
to	meet
may	give
have	give
’ve	intrigue
be	rage
may	be
be	look
to	hustle
would	continue
to	stay
do	mean
should	get
to	play
have	incapacitate
do	apply
do	rise
would	wear
be	communicate
to	ensure
be	stand
can	be
will	touch
would	give
to	use
to	provide
have	mount
have	become
wanted	need
to	strip
to	undergo
could	afford
would	step
have	flag
to	sell
be	play
be	waver
to	advertise
to	track
to	be
to	vote
have	be
to	pay
be	arrange
to	hospital
be	ask
to	let
be	fight
be	go
to	disperse
be	navigate
to	check
would	require
to	move
have	hold
to	become
to	continue
could	make
have	make
have	set
to	change
be	rip
'	rip
to	tell
do	want
to	go
to	ascertain
have	penetrate
to	alert
to	thank
would	be
to	help
to	blame
have	work
to	do
to	separate
to	do
have	postpone
to	qualify
have	be
to	walk
be	stand
could	explain
to	come
do	want
to	contemplate
could	explain
might	translate
have	translate
to	support
do	sympathize
to	stand
to	resent
will	fall
could	stick
to	try
to	dig
be	go
to	draw
do	want
to	go
have	add
to	address
be	struggle
have	use
do	know
be	go
to	see
to	get
’ve	have
to	undertake
have	state
could	strip
to	garner
do	last
to	complete
to	retire
to	capture
be	miss
be	go
to	happen
have	say
be	seek
to	exploit
do	have
to	do
would	be
to	make
to	record
be	use
to	kill
might	be
will	continue
to	celebrate
may	infect
be	transmit
be	be
could	say
to	balance
do	surprise
be	play
be	produce
have	increase
to	search
be	divide
to	be
to	keep
to	ring
could	help
have	say
to	obtain
to	do
to	use
to	play
to	wonder
would	fall
do	care
to	get
do	like
to	become
be	nurse
to	grow
to	move
be	go
to	see
be	have
could	remove
to	coach
have	become
can	get
should	buzz
have	buzz
be	buzz
can	tell
to	make
have	marry
can	imagine
having	have
to	reassure
to	clamp
to	spend
to	make
have	dub
to	review
have	travel
to	plant
to	reunite
have	reunite
to	move
be	drive
have	arrest
to	have
to	nominate
to	down
to	claim
have	take
have	launch
to	determine
to	benefit
to	die
would	find
have	find
to	settle
have	settle
have	submit
to	raise
to	blame
be	hold
to	return
be	extend
to	go
would	think
be	achieve
could	defeat
have	start
to	work
could	do
have	make
will	hear
to	find
to	hand
have	hand
to	hit
should	interact
be	go
to	need
be	roll
would	limit
have	say
be	spew
to	alleviate
to	play
do	come
would	thrive
have	thrive
could	use
be	use
to	give
do	finish
to	meet
to	boost
to	defuse
have	bring
would	aim
to	start
to	keep
to	step
have	fail
to	manage
to	cover
to	try
to	have
can	waltz
to	recognize
would	impact
to	gather
be	do
to	approach
can	comment
will	include
to	fix
be	sell
be	go
be	politicize
to	coincide
to	complete
to	alert
to	let
to	kill
be	ask
to	begin
have	be
to	be
be	play
to	purchase
have	go
be	cover
be	hold
be	investigate
could	produce
be	wrap
could	convince
be	convince
might	be
to	fool
be	pile
be	wear
have	agree
to	build
to	complete
be	tower
do	live
be	ask
to	note
to	appear
to	release
have	impose
to	be
be	try
to	pick
could	incite
to	make
to	adjust
would	cost
be	nullify
to	receive
be	disrupt
would	be
to	control
do	have
be	go
to	explain
to	earn
to	make
to	discuss
to	consume
be	back
to	win
have	win
have	give
to	serve
could	result
to	be
to	put
could	develop
have	develop
be	go
to	make
would	be
have	expand
would	enjoy
have	enjoy
to	be
be	kid
to	protect
can	imagine
to	see
having	pose
to	breathe
be	breathe
to	be
have	declare
have	say
to	get
have	attempt
to	molest
have	shoot
to	send
to	explain
to	ensure
would	get
will	look
be	look
be	risk
have	sadden
be	try
to	loot
to	partner
to	give
to	lose
be	breathe
be	do
do	get
do	want
to	look
to	do
have	exist
to	be
to	answer
have	do
to	reach
to	conduct
be	come
to	bring
to	fight
will	use
be	use
have	rack
to	paint
to	seek
to	protect
to	pursue
have	shoot
be	wield
to	work
to	take
would	occur
to	relax
could	risk
to	photoshop
do	think
be	go
to	want
to	stick
do	know
have	blast
could	ring
do	have
be	refer
have	see
will	use
be	flee
have	contract
could	do
be	plan
to	boost
do	believe
to	tell
have	return
to	say
would	make
'	make
will	do
be	challenge
would	mean
could	kill
have	be
should	work
to	bring
to	stick
to	use
have	say
to	ensure
may	celebrate
have	introduce
do	think
can	trick
've	be
do	think
could	be
have	be
to	keep
to	remain
to	enhance
have	link
be	investigate
have	be
would	model
to	end
have	expect
to	run
could	attain
to	give
to	recruit
be	make
to	curtail
to	keep
to	raise
do	want
to	stick
be	go
to	repeat
would	have
to	endure
to	end
should	charge
to	take
to	pay
to	keep
have	cancel
have	suspend
to	hold
to	endorse
be	run
be	plan
would	commit
to	seek
to	be
to	do
would	bring
do	have
to	do
to	maintain
have	mention
to	deal
to	come
have	stage
have	receive
might	be
do	know
be	happen
would	succeed
be	come
have	lock
would	see
have	extend
to	include
have	win
be	look
to	do
have	seize
can	verify
to	step
to	try
to	remove
to	post
may	need
to	kick
to	comply
have	sustain
to	salvage
to	safeguard
to	align
could	take
be	play
to	ask
to	lower
to	get
to	remove
be	wait
be	relax
have	be
’ve	be
to	find
to	accomplish
be	drown
to	climb
to	join
have	complain
would	turn
have	turn
helped	run
would	oversee
be	squander
to	roll
have	tell
to	be
have	suspend
to	take
have	result
be	leave
have	rank
to	be
be	come
to	oversee
could	bring
to	face
be	quote
could	be
have	be
to	open
be	monitor
to	discuss
to	combat
to	warn
be	expand
be	begin
to	chip
be	acquit
could	sense
to	effect
be	speak
to	play
to	use
would	be
to	progress
to	choke
could	turn
have	make
be	make
be	see
to	meet
would	take
have	have
could	perform
to	locate
to	find
to	go
to	go
be	come
be	message
be	do
to	take
will	hear
to	commit
be	weaken
to	do
would	want
have	involve
be	happen
could	do
do	like
to	make
be	go
do	have
could	see
do	pile
could	cherish
be	smile
to	have
to	ease
be	choke
to	do
to	curb
have	start
be	brief
would	save
have	save
to	spy
to	take
be	sledge
to	continue
to	scale
have	lose
do	buy
to	get
be	grow
to	cover
have	begin
to	demand
to	recover
to	succeed
could	vary
have	clear
to	finish
to	do
to	pass
will	declare
would	vote
to	make
to	protect
to	look
to	fight
to	commit
would	expect
have	expect
be	receive
have	register
be	wait
be	withdraw
to	buy
have	do
be	forgive
do	know
be	see
be	hope
to	stop
to	collapse
to	talk
to	offer
to	love
will	score
be	investigate
be	serve
to	watch
be	receive
to	live
be	deliver
do	get
to	help
be	drive
be	miss
have	invest
have	diagnose
to	do
can	reduce
to	have
have	keep
to	change
to	offer
do	realize
would	touch
be	sweep
to	get
to	become
to	indicate
be	prepare
to	make
have	reschedule
would	be
to	request
to	remind
be	play
could	infect
will	have
to	be
to	beat
to	be
to	get
to	take
have	import
be	go
to	speak
to	come
to	work
be	find
can	play
to	make
to	vote
to	adopt
do	disclose
to	identify
to	bolster
’ve	play
to	see
be	keep
to	be
be	move
to	reflect
can	find
be	write
to	reach
to	marry
to	make
to	get
do	know
to	maintain
to	tackle
be	cast
have	convict
to	narrow
to	go
be	go
be	look
to	take
to	nominate
to	react
to	tell
to	do
to	be
to	curb
will	extend
would	retell
be	enjoy
have	be
have	lose
be	head
to	help
be	lash
have	brand
to	question
to	stop
to	pay
could	ask
would	marry
to	open
be	daunt
have	enter
be	empower
to	do
do	expect
to	take
to	get
would	win
to	abandon
to	reevaluate
to	move
have	take
be	win
to	take
to	be
to	reopen
could	believe
be	give
would	make
should	be
have	be
to	think
be	reform
to	move
have	be
be	begin
to	take
be	turn
to	help
to	help
to	collect
be	investigate
to	pump
to	silence
may	want
to	open
could	be
have	be
may	worsen
to	visit
to	begin
be	work
be	work
have	fly
to	evacuate
to	resume
could	prove
have	prove
to	bring
will	be
will	be
to	go
do	maintain
have	want
to	work
have	shoot
would	mean
have	mean
to	grab
to	see
to	keep
will	have
to	increase
to	pay
be	cut
be	work
to	state
would	use
to	offer
to	qualify
to	do
be	campaign
to	make
to	present
be	adapt
have	allege
could	secure
to	reinvest
have	assure
have	sound
have	allow
to	spread
to	keep
to	take
could	put
would	result
be	thrive
be	make
be	become
be	feed
to	reimburse
to	decide
to	clean
be	hope
to	decide
will	support
have	draw
do	belong
have	reveal
will	launch
to	raise
be	make
to	see
would	have
to	return
be	cry
to	use
to	go
be	lay
to	do
do	know
be	go
to	come
to	ensure
to	lead
may	be
to	roll
to	be
to	come
to	write
be	push
be	fight
should	be
to	be
to	set
have	file
do	win
have	attempt
to	replace
have	crucify
have	diagnose
would	have
have	have
do	cash
to	lose
to	earn
to	move
be	lead
be	expand
must	let
to	post
to	affect
could	hear
be	run
be	test
to	read
to	tie
having	look
to	gain
to	score
having	watch
to	explain
be	act
could	find
have	move
to	see
would	make
have	make
to	care
could	have
have	have
be	prepare
to	conduct
be	fix
to	put
can	put
to	aim
have	establish
have	indicate
will	rely
be	look
to	bring
be	risk
to	give
be	push
to	spur
have	fire
be	do
have	be
could	do
to	support
to	be
to	manage
to	participate
to	outline
to	start
to	panic
be	work
have	take
have	infuse
be	hurt
to	light
to	stay
to	put
to	let
be	transport
could	pick
to	get
can	win
to	answer
could	give
have	give
have	shift
do	mean
do	mention
be	go
to	make
do	win
to	discuss
will	text
will	have
to	be
be	struggle
be	owe
do	care
’s	save
be	try
to	speak
would	listen
have	inspire
to	advise
to	get
be	go
to	call
have	be
be	answer
to	move
to	make
to	go
to	give
could	pay
to	drive
to	get
to	copy
have	truncate
be	attack
be	sink
to	fire
have	begin
have	say
to	open
have	state
will	take
to	reach
be	ask
have	sideline
to	have
be	lead
have	live
have	suffer
to	go
have	play
could	cement
have	be
have	have
to	imprint
to	tear
to	see
be	improve
have	say
could	say
to	enforce
to	involve
’ll	continue
to	make
to	brag
have	brag
have	name
be	administer
have	test
have	undergo
be	revive
to	diagnose
have	diagnose
be	stop
to	block
would	listen
to	prove
to	eat
to	show
be	fly
have	disappear
have	perish
would	have
to	trust
to	keep
be	go
to	be
to	play
to	be
to	check
have	see
would	be
to	tap
to	help
to	enable
to	warn
would	overcrowd
to	vote
do	have
to	teach
be	spend
be	get
be	wheel
to	touch
to	answer
to	draw
would	dig
be	sign
to	use
have	seal
to	get
to	capture
to	answer
to	have
have	dabble
to	start
to	host
to	serve
be	deal
would	be
to	confront
could	choose
be	use
to	rehabilitate
have	attend
to	be
be	monitor
be	phase
to	make
’s	surprise
do	know
would	come
to	receive
be	go
to	sell
be	fail
to	exploit
be	cleanse
to	reduce
be	buy
to	meet
to	go
to	prepare
have	avail
to	ensure
do	know
to	pepper
be	look
to	report
do	hit
to	understand
have	marry
to	be
to	increase
to	allow
to	have
be	ask
do	deal
to	get
might	be
have	be
be	hold
to	avoid
have	return
be	support
to	keep
’s	get
be	get
to	commence
to	start
to	protect
must	step
have	sign
to	silence
to	enable
to	commence
be	carry
to	ask
be	craft
to	disappear
be	take
be	work
to	draw
be	suffer
would	probe
should	be
to	test
can	remember
be	prevent
be	act
be	look
to	build
to	take
should	direct
to	thwart
to	seek
to	manufacture
to	publish
could	hold
to	have
will	engage
might	allow
to	return
to	fix
be	work
to	keep
be	try
to	seduce
be	work
have	hold
to	take
do	care
to	know
could	use
have	use
to	protect
to	vomit
could	eat
have	set
've	bless
to	work
do	know
be	pray
to	bring
would	help
to	bring
to	see
do	understand
have	have
to	think
to	show
be	breathe
have	chase
be	chase
have	race
to	try
to	regain
to	make
to	hear
have	become
be	suffer
have	admit
to	develop
to	patent
to	promote
to	embark
to	premiere
to	cancel
to	appear
to	obtain
to	invest
to	show
to	yield
be	address
to	develop
to	get
to	watch
having	join
to	remain
have	witness
have	occur
to	take
to	navigate
be	talk
could	relate
be	see
to	justify
have	star
to	spend
be	suffer
to	be
be	wear
be	explore
to	begin
have	light
to	silence
have	hear
to	throw
to	be
to	finish
would	remind
have	let
do	feel
be	breathe
to	see
be	carry
have	release
be	cross
have	call
be	dictate
be	drive
to	take
will	lead
be	expect
to	show
to	be
be	hurt
be	go
be	serve
to	pull
have	pull
to	capture
be	have
to	qualify
be	hold
to	work
to	release
to	continue
to	become
be	look
be	prepare
to	transport
have	evade
be	evade
to	seek
be	live
to	save
be	make
to	make
to	philosophy
’re	watch
be	come
to	be
do	think
to	invite
to	perform
will	cause
do	see
to	serve
would	get
to	speak
to	serve
to	give
to	accept
to	achieve
be	cry
have	wrong
to	work
to	find
to	excel
to	get
to	praise
to	get
to	say
do	look
be	refer
to	appear
to	submit
to	avoid
to	be
be	continue
to	monitor
to	fly
to	go
to	stand
to	work
have	gather
be	serve
to	create
to	die
to	exhibit
be	smile
be	play
have	include
be	manifest
could	pay
have	pay
to	stand
to	go
to	become
would	be
be	suffer
to	transport
to	say
have	go
be	hold
to	be
be	take
to	take
would	be
would	catch
to	employ
to	lead
would	take
to	declare
could	remain
be	receive
be	try
to	light
do	go
have	leave
could	watch
would	correct
have	uphold
be	wear
to	risk
do	do
be	work
to	furlough
to	cite
to	serve
to	shoot
to	learn
to	find
might	be
to	make
be	wear
be	talk
do	allow
would	do
would	defend
be	bully
to	make
would	say
would	allow
would	tell
to	deflect
to	marry
have	marry
will	get
be	get
to	get
be	shoot
to	commence
be	lead
to	continue
be	become
to	press
have	come
be	shred
will	have
to	cut
be	wear
be	tell
to	fight
to	get
do	go
to	ruin
do	speak
have	raise
be	influence
have	arrest
could	erupt
will	have
have	worry
be	open
be	look
will	emerge
would	reveal
to	lead
to	grasp
to	appear
have	be
to	die
to	graduate
should	place
have	place
to	outsmart
to	suspend
to	make
have	see
have	be
be	refer
to	try
be	spend
be	go
could	be
will	ban
to	announce
would	steer
to	try
to	trade
to	be
have	kill
’s	about
to	carry
to	stop
have	go
to	influence
to	grant
be	go
to	shut
to	call
to	talk
have	transport
be	assess
to	get
be	go
to	feed
do	snatch
to	keep
will	reschedule
have	pull
to	replace
might	be
be	abandon
will	hunt
to	let
to	implant
do	delete
have	cheat
to	verify
do	reflect
do	think
do	take
to	mean
to	suggest
would	be
to	throw
be	creep
to	stay
should	be
to	abandon
would	reconsider
do	mince
have	maintain
be	manipulate
to	turn
to	forget
to	turn
have	be
to	be
to	proceed
would	need
to	stop
could	do
to	suggest
should	have
do	suggest
could	give
have	love
to	fade
be	fade
be	change
to	say
have	say
be	process
do	go
to	welcome
be	detain
to	clear
will	test
to	ascertain
do	produce
could	do
to	sit
to	come
could	be
have	awaken
may	be
have	preserve
to	oppose
have	oppose
have	receive
could	resuscitate
be	use
should	get
have	get
do	include
to	win
would	have
to	pay
will	answer
will	enable
to	understand
be	enter
to	know
to	make
do	sense
be	celebrate
to	top
be	insert
to	take
have	be
be	go
to	be
should	be
would	go
be	get
do	kick
to	be
to	support
do	know
do	know
be	experience
be	do
be	lead
to	produce
to	report
to	bear
to	elaborate
to	confirm
be	represent
would	come
do	try
be	do
have	happen
could	say
would	have
have	have
be	go
to	survive
have	link
having	link
to	be
would	come
would	take
be	visit
can	say
can	thank
have	do
be	sit
can	remember
can	talk
to	make
can	tell
do	want
to	be
have	have
’ll	stick
be	stick
could	do
might	be
have	be
could	control
could	control
could	walk
could	join
to	provide
to	appear
could	understand
be	say
could	be
could	drive
to	train
could	sneak
to	hold
do	crack
do	realize
to	guess
do	know
be	go
to	do
do	know
to	do
to	survive
do	like
be	go
do	know
do	see
do	think
do	want
to	tell
be	claim
do	know
do	think
do	like
to	remember
do	know
to	manage
do	know
to	make
to	do
do	know
have	be
’ve	want
be	want
to	do
can	believe
do	remember
do	tell
do	think
to	be
to	be
do	think
do	think
have	overrate
do	think
do	understand
to	call
do	regret
to	begin
to	cut
do	remember
to	spend
be	go
to	meet
will	take
to	consider
to	obtain
be	represent
could	fault
’s	sue
might	enjoy
could	test
do	turn
to	be
'll	be
could	end
have	cut
can	have
’ve	know
to	realize
to	allow
to	sit
be	read
do	fit
have	provide
do	like
be	do
can	change
can	fire
to	enforce
to	stop
be	bathe
could	go
have	be
do	reach
would	be
to	identify
be	benefit
be	go
would	make
to	be
do	wait
to	exercise
to	stop
be	coach
to	stay
to	boss
would	admit
should	set
do	get
could	see
would	vote
have	vote
be	speak
should	furnish
to	get
should	target
to	ensure
have	become
may	appoint
to	fill
would	spill
do	know
’ve	put
to	push
would	be
would	be
should	be
to	hear
to	appear
have	do
do	rush
could	provide
to	ensure
have	win
would	upset
have	spend
to	talk
to	listen
will	guide
would	value
be	recover
would	pop
to	come
have	work
to	know
have	mention
be	cross
could	see
have	go
to	present
have	lose
to	become
have	be
have	see
could	hear
have	look
be	get
have	see
do	want
to	go
have	sleep
be	struggle
to	move
to	suit
to	situate
to	make
to	cover
to	have
would	need
to	find
to	be
have	hear
might	possess
be	go
to	get
have	check
have	play
would	love
have	love
be	build
to	play
have	play
to	enjoy
have	shed
to	shed
be	have
to	do
to	find
to	say
to	run
could	do
to	get
to	build
to	keep
be	take
do	involve
to	do
to	be
be	sit
should	sit
have	sit
be	sit
be	play
to	come
be	go
to	spend
to	do
be	itch
to	go
be	go
to	miss
be	give
should	abuse
to	get
would	do
would	do
be	live
be	like
to	get
be	say
to	do
’ll	note
to	look
to	familiarize
to	see
be	wonder
to	get
to	go
to	discover
to	run
would	be
do	want
to	say
be	go
to	wake
to	cut
be	fall
do	say
do	make
to	do
be	do
be	premiere
be	work
be	guess
would	be
’m	have
to	explore
have	be
to	do
do	get
to	do
could	choose
to	get
do	mind
be	say
be	go
to	lie
be	talk
to	pay
to	interrupt
should	know
should	matter
’m	talk
to	hold
have	give
have	reign
to	end
to	qualify
have	allocate
be	grow
to	play
do	win
to	cast
would	explode
to	be
to	determine
to	overturn
would	become
have	feel
to	serve
be	fret
to	set
be	give
to	help
be	earn
to	fund
to	join
to	return
be	deal
to	bring
to	sit
to	secure
have	score
do	have
will	have
to	grant
to	mean
might	exist
have	exist
have	test
to	play
to	have
have	delete
to	hint
be	release
have	become
to	work
to	make
might	influence
to	run
have	accept
to	help
help	offset
have	initiate
be	refer
have	rescue
to	get
be	walk
to	deal
would	help
to	vote
to	run
be	sit
to	be
to	cancel
do	think
to	reduce
have	win
would	hope
have	grow
to	appreciate
to	open
have	expect
do	support
be	move
to	vote
to	help
have	lose
to	postpone
will	hold
to	learn
to	allow
to	operate
do	stop
to	answer
be	criticise
have	gather
be	turn
be	say
to	increase
to	obey
be	obey
to	slow
would	tell
be	threaten
do	have
be	read
could	hear
may	render
will	hunt
be	return
be	have
to	create
have	suggest
to	provide
be	face
have	reach
to	make
to	see
to	feel
be	stop
be	do
do	need
've	outgrow
to	carry
would	receive
might	be
to	hurt
to	interrupt
to	push
can	remember
would	be
have	have
could	confirm
to	fire
be	train
be	think
will	be
to	play
be	deliver
to	block
have	be
do	address
to	justify
be	lead
be	lead
be	push
be	see
to	get
to	throw
be	act
to	go
be	change
be	wonder
would	strike
to	choose
be	focus
have	say
have	retract
to	say
to	recall
have	take
have	insist
be	take
would	drop
be	work
be	return
to	have
to	be
be	gather
have	underestimate
be	carry
have	bear
would	freak
to	be
be	take
to	root
to	keep
to	be
be	pende
have	turn
be	turn
to	re
to	wean
to	verify
to	review
have	capture
be	go
to	shut
’s	go
be	meet
to	visit
would	like
would	change
be	shift
be	lift
to	overcome
would	feature
have	feature
be	practise
have	develop
will	look
to	respond
to	be
to	sustain
to	overhaul
could	have
have	accomplish
to	resign
to	play
to	help
be	suffer
would	be
to	hold
to	heal
have	send
might	take
’ve	take
to	get
to	lobby
to	return
to	receive
to	change
have	fail
to	signal
be	try
to	help
will	notch
will	become
will	spell
to	be
be	evolve
have	lay
to	kill
have	kill
do	end
to	sing
be	play
be	sit
do	get
to	disrespect
to	inform
have	resume
to	improve
have	cause
to	bring
to	draw
to	discuss
be	keep
could	hold
be	look
to	raise
be	go
to	be
have	do
be	hear
can	breathe
to	hit
to	be
to	defraud
to	be
to	put
be	go
to	be
be	breathe
'	breathe
to	be
can	see
to	complain
to	sing
to	infect
to	explain
to	make
to	tone
have	reveal
to	donation
have	determine
have	act
be	act
be	expect
to	be
would	be
be	run
could	hear
do	pay
be	try
to	block
having	sell
to	avoid
be	behave
have	obtain
be	fly
to	inspect
to	do
would	take
have	do
will	bring
be	try
to	build
do	like
be	wait
to	see
be	head
to	make
to	be
to	tell
be	drive
could	remember
may	be
have	be
to	go
to	figure
should	do
be	give
to	help
to	try
be	have
should	wait
have	wait
to	be
do	witness
to	ensure
have	take
be	work
to	do
to	keep
to	be
have	comment
to	use
to	track
be	stand
to	subscribe
be	form
’s	present
to	voice
have	drive
be	try
to	get
have	lie
have	say
have	perform
be	carve
have	accuse
to	prosecution
to	take
to	take
have	take
be	surge
to	translate
be	slant
do	treat
be	let
can	be
to	forget
have	spend
can	deny
have	suffer
be	prepare
to	see
could	recall
do	matter
do	matter
to	communicate
be	fund
would	sentence
to	tackle
do	want
to	name
to	acknowledge
to	relive
to	take
to	see
be	haul
have	be
have	go
be	go
have	learn
to	undergo
to	start
could	begin
have	feel
have	report
would	be
have	be
do	have
to	bring
have	talk
to	go
have	go
be	be
be	be
have	block
could	cause
would	remember
to	become
be	look
be	look
be	try
to	capitalise
would	replace
be	replace
’m	go
to	watch
have	re
have	die
have	do
can	say
should	look
could	end
do	want
to	do
be	go
be	pay
’m	do
be	document
to	have
be	do
be	make
to	do
to	help
have	do
to	see
be	try
to	poach
to	join
to	see
to	complete
to	go
to	take
to	remove
to	blame
have	keep
to	collect
to	recognize
to	lead
to	assume
to	hand
to	tell
have	fail
do	adduce
to	show
to	learn
to	go
to	know
be	help
to	educate
to	rodeo
will	move
may	link
could	prove
have	prove
to	pathologise
do	conform
will	believe
to	plan
to	morph
be	try
to	make
may	be
can	change
must	note
be	address
to	find
be	embark
to	employ
’re	go
to	get
be	learn
be	ask
to	play
be	watch
to	do
would	permit
to	purchase
be	drink
do	think
be	come
to	make
would	do
to	run
be	do
to	raise
must	ensure
be	support
to	meet
have	be
do	want
to	do
would	need
to	do
to	come
be	drive
to	win
be	go
to	experience
have	find
be	go
to	disappoint
have	get
can	get
to	show
to	have
have	change
be	challenge
to	be
have	be
’s	go
to	be
to	move
to	argue
do	want
to	feel
be	pile
to	lecture
have	win
be	plot
to	derail
should	mention
should	note
be	do
’s	humble
to	see
to	see
be	expand
could	do
to	do
be	work
have	end
to	live
would	pay
to	broadcast
’s	cause
to	slow
be	say
would	bar
have	send
have	order
to	close
have	test
would	ratify
to	concur
have	exist
be	impact
to	see
be	rumble
be	go
to	be
be	burst
seem	set
to	forge
could	hold
have	grow
do	deserve
to	make
to	bat
have	race
to	begin
to	make
to	deal
to	get
to	go
to	continue
to	meet
to	work
to	introduce
may	require
to	reopen
to	happen
have	devise
to	provide
’ll	be
to	see
to	see
have	develop
be	do
have	find
have	have
could	see
to	see
have	make
would	travel
to	talk
to	shed
to	pick
have	wear
would	give
be	give
to	produce
be	thrive
could	traverse
do	have
to	give
to	disinfect
to	exceed
would	serve
to	wake
be	going
to	be
to	integrate
having	be
to	get
to	speed
be	going
to	be
to	integrate
having	be
to	get
to	speed
’s	work
be	work
to	have
could	do
’ve	end
to	keep
have	tell
would	close
would	rise
be	drive
’ll	forget
may	receive
have	receive
be	run
to	get
would	be
have	be
to	open
would	occupy
have	work
to	usurp
to	involve
to	be
to	help
to	work
to	capture
can	get
to	be
to	do
have	play
be	play
to	return
might	endure
have	be
have	work
be	work
to	figure
to	carry
to	say
to	hold
to	make
could	do
to	help
could	make
have	face
have	find
would	move
to	write
will	thing
will	thing
to	tell
would	add
would	have
can	use
have	have
to	play
to	acknowledge
might	improve
might	narrow
to	restrict
have	play
to	be
be	head
to	tell
to	get
be	dishearten
to	learn
have	increase
be	undergo
to	benefit
be	face
could	celebrate
be	juggle
would	expect
to	be
to	continue
have	be
to	cut
to	smoke
to	train
would	declare
be	go
to	be
be	go
to	be
to	see
to	try
would	adopt
to	secure
be	grip
be	learn
to	get
to	get
to	know
to	say
to	call
have	engage
to	spread
could	reach
to	reflect
to	speak
to	see
be	invigorate
to	work
to	go
to	make
to	listen
to	be
to	add
have	be
to	include
be	hold
to	provoke
have	die
have	be
have	open
be	go
to	see
have	be
be	shoot
to	work
’s	come
to	coax
to	meet
be	take
to	allow
to	post
to	face
to	get
to	meet
do	have
do	know
have	flip
be	assist
be	propose
be	differ
be	represent
would	play
to	believe
to	mark
to	say
may	be
have	have
to	meet
to	scale
to	shock
do	care
would	see
be	do
to	marry
to	open
have	score
to	turn
to	hit
to	delay
to	present
will	belong
've	see
to	take
have	arrest
will	retain
to	ensure
to	see
to	show
to	pass
have	block
to	roll
to	cover
have	remain
be	work
could	pull
to	be
have	order
be	see
be	move
have	undertake
be	share
be	sicken
have	become
to	surface
have	ram
can	move
can	fill
to	be
do	want
to	identify
’s	feel
will	come
be	come
be	box
be	room
to	support
to	reflect
to	toss
to	be
would	walk
would	sit
be	sit
to	see
have	spend
have	help
to	target
to	be
to	sell
to	resume
have	lose
to	take
have	win
have	see
to	serve
to	come
can	tell
could	protect
to	slosh
be	drive
have	suggest
do	know
to	contest
to	support
have	share
be	hold
be	hold
to	write
to	turn
to	demolish
to	dig
to	get
to	open
to	watch
would	last
could	point
to	ask
be	extend
to	include
be	upset
have	bring
to	give
to	see
to	hear
to	use
to	go
have	pass
could	be
be	carry
can	hear
have	bring
to	contest
have	start
to	see
could	wear
will	recall
will	be
would	be
to	come
would	be
to	see
would	be
to	swallow
would	recall
to	halt
would	be
would	die
would	be
have	be
to	step
would	be
have	be
to	do
to	be
've	be
’ve	tell
’ve	find
to	write
to	reconnect
to	connect
’ve	get
’ve	get
've	get
’ve	hear
be	go
to	be
’ve	own
’ve	speak
to	do
to	feel
to	take
be	happen
to	be
to	play
do	hear
be	search
to	get
will	be
to	get
to	go
have	invest
to	handle
to	see
to	say
to	lose
to	see
have	cancel
to	push
be	play
could	eat
be	do
do	think
would	come
to	return
would	face
be	face
’ve	work
be	buy
would	be
have	be
be	camp
could	use
would	sleep
be	come
to	run
will	strive
to	continue
to	become
should	be
to	learn
be	do
’ve	get
to	help
to	do
to	be
to	give
be	exist
be	expect
to	play
to	play
be	explore
be	get
to	break
be	feel
to	express
’ve	remain
be	enjoy
could	dream
be	flash
be	going
to	read
to	say
be	go
to	say
be	going
to	put
be	guess
be	hope
to	get
will	push
would	be
to	pay
to	scrape
do	remember
be	hear
have	win
be	hope
would	lose
be	scare
be	work
be	bounce
be	leave
be	go
to	do
do	know
be	do
have	struggle
be	struggle
’m	go
to	tell
could	be
could	drive
’re	go
to	be
do	know
can	handle
be	go
to	stop
to	go
might	have
be	look
be	sleep
be	make
to	take
do	let
might	understand
to	do
to	tell
to	jump
be	take
to	save
to	rate
would	be
to	put
be	dwindle
have	kick
be	plan
to	work
to	see
would	accept
could	win
be	pray
to	try
to	cope
be	happen
be	quote
be	read
to	hear
to	see
would	be
to	talk
to	see
do	care
to	be
would	have
do	think
be	stand
be	start
to	come
be	come
do	steal
be	get
be	talk
be	talk
be	talk
would	say
have	die
have	die
have	die
be	tell
to	move
to	go
be	support
have	meet
be	think
to	wear
be	wear
can	consider
be	try
to	get
to	take
to	move
have	do
can	thank
be	visit
be	walk
be	wear
be	wonder
can	share
be	work
to	happen
would	be
to	make
could	say
will	lie
do	flip
to	see
to	see
to	take
would	prefer
’s	come
’s	go
have	aspire
to	be
to	inherit
have	work
be	work
have	commit
to	prevent
can	sideline
to	dedicate
have	grow
be	grow
to	obtain
have	have
to	seek
be	play
be	hit
be	seek
to	implement
have	build
to	have
have	have
to	welcome
to	hear
be	bug
to	help
have	know
be	search
to	achieve
to	be
have	kick
would	limit
to	help
would	consider
have	consider
to	be
could	conceive
have	conceive
could	affect
to	curb
do	ask
to	impose
will	spend
would	be
to	abandon
to	replace
be	reach
to	isolate
do	think
could	expect
have	expect
would	see
can	do
to	help
have	know
be	pioneer
to	describe
have	be
to	put
to	come
be	lead
to	play
to	support
to	take
have	blossom
to	make
to	appear
do	come
to	suspend
have	read
have	put
to	buy
be	die
would	be
to	visit
to	go
to	watch
be	mesmerize
be	marvel
do	think
to	maintain
to	detain
to	foment
to	celebrate
to	join
to	put
be	talk
to	hear
be	get
be	urge
to	reconsider
to	contest
be	give
to	talk
be	play
will	throw
to	trust
have	serve
have	launch
to	pay
have	find
do	reveal
to	warn
could	have
be	witness
to	handle
to	provide
could	cause
be	suggest
have	downplay
be	leave
have	speak
to	butt
be	film
to	stay
be	go
have	tell
to	collect
do	know
to	collect
to	charge
to	benefit
would	come
to	get
to	give
to	ask
be	cope
have	ask
be	do
to	end
would	love
have	love
to	play
have	play
to	clarify
can	be
to	protect
be	face
be	see
have	employ
to	rob
to	celebrate
be	celebrate
have	ask
to	cancel
have	be
have	miss
to	play
to	write
to	let
be	unfold
be	tell
to	receive
to	go
be	go
to	be
have	say
to	adopt
to	attend
to	advance
have	rename
have	write
be	write
be	walk
do	have
do	have
to	serve
be	do
to	reach
have	respond
to	happen
will	do
to	identify
to	spring
to	restrain
be	pass
do	have
to	get
to	reestablish
have	retire
be	report
have	prepone
will	release
have	state
will	open
will	allow
to	enter
to	lead
do	renew
have	claim
have	threaten
be	go
to	stay
be	cry
to	watch
to	defer
can	accommodate
be	work
have	fail
to	understand
be	cause
would	complete
be	challenge
may	leave
have	leave
have	favour
may	be
have	be
to	pick
to	travel
have	travel
be	drive
to	win
to	cause
to	know
be	plan
to	take
could	hit
be	make
to	confront
would	be
to	pick
could	trust
might	pull
to	pack
to	appear
to	appear
could	say
be	mention
to	believe
have	secrete
to	take
be	snub
could	come
have	come
to	dissatisfied
be	fulfil
to	be
to	live
to	implement
would	delve
have	do
to	write
be	sleep
to	face
to	meet
be	work
be	move
to	win
to	be
to	offer
to	greet
have	open
to	contain
to	put
have	enjoy
have	golf
to	bring
to	shut
to	protect
be	meet
have	win
’ve	see
be	tell
have	do
to	be
be	struggle
be	happen
to	impose
to	solicit
would	have
would	feel
to	launch
to	be
could	work
might	start
can	remove
be	have
be	expect
to	turn
to	do
be	go
to	do
to	develop
to	help
to	enhance
do	know
do	know
to	grant
to	be
be	look
can	make
would	launch
to	pepper
have	plead
to	be
will	have
should	take
could	become
be	become
to	resign
be	adopt
be	transport
have	sentence
to	chat
to	identify
to	carry
to	consider
be	say
do	know
be	go
to	pull
to	give
to	pick
do	want
to	be
do	want
to	work
be	plan
to	give
have	arrest
be	drive
to	give
have	pay
have	barricade
to	play
would	look
to	have
to	win
to	live
to	endorse
would	fall
to	swear
to	appear
have	find
be	add
to	purchase
to	provide
to	know
have	overstep
to	meet
have	work
to	report
to	bind
be	visit
to	consider
have	consider
might	be
to	learn
be	run
to	grow
be	happen
to	lay
do	support
to	dismiss
be	serve
to	go
to	film
to	slow
be	do
to	hospital
be	search
to	keep
to	advertise
to	distribute
be	wonder
do	go
to	stop
to	take
have	win
to	enjoy
to	make
have	encourage
to	get
have	see
could	face
to	fight
be	work
to	point
would	wake
have	fade
to	give
to	step
should	reach
be	travel
be	ride
have	tout
would	make
would	vote
have	say
will	support
have	become
be	struggle
to	make
to	underestimate
to	march
to	use
can	work
to	strengthen
be	look
be	try
to	pretend
do	notice
could	pursue
be	take
be	rise
will	last
to	make
be	read
to	see
be	miss
to	supervise
may	infect
be	become
be	build
be	try
to	cope
have	launch
to	assuage
have	file
be	abscond
do	join
have	test
to	be
be	undergo
have	reject
to	inspect
do	take
could	pay
to	hold
to	report
to	give
to	oversee
have	be
have	open
have	miss
be	miss
should	be
to	ensure
to	clarify
be	have
have	suffer
to	talk
be	come
to	do
to	help
to	take
have	say
to	log
have	prove
could	tell
be	try
to	slow
to	stay
would	appear
to	reduce
can	reinveste
have	be
to	roll
to	pay
to	take
have	arrest
be	get
'	get
be	plan
to	return
have	play
be	play
would	continue
to	understand
be	face
to	initiate
to	adjust
be	expect
to	win
can	use
would	be
to	shame
have	pick
to	read
to	say
be	move
'	move
to	shy
be	whisper
be	stay
to	pull
will	bury
do	allow
to	make
be	treat
be	use
be	investigate
be	do
to	help
helping	overcome
can	use
have	invite
to	attend
would	attend
would	become
to	make
have	find
be	consider
’s	laud
be	cling
have	choose
to	throw
to	take
to	hear
to	impose
to	support
could	resume
to	bring
to	bail
to	send
to	come
have	give
to	donate
be	call
have	leave
to	stay
would	justify
will	remember
to	reach
have	grab
have	tend
to	play
to	unlocked
to	share
to	learn
have	get
be	get
have	recce
be	target
to	tel
have	circle
be	circle
can	recall
to	speak
to	elevate
would	get
to	obtain
to	know
be	go
to	pin
to	push
be	fight
be	walk
be	spread
to	begin
be	steer
to	talk
to	live
to	see
to	follow
would	eschew
be	seek
be	face
could	exclude
be	live
to	take
to	do
to	eschew
be	speak
have	lead
do	want
to	abstain
do	want
to	take
be	consider
would	allow
to	send
to	share
be	question
be	pay
be	celebrate
be	holiday
have	cut
have	say
be	take
to	prevent
would	face
would	leave
be	leave
to	see
to	embrace
to	have
could	use
be	use
to	speak
to	tolerate
be	carry
to	get
be	vote
to	take
have	cope
have	go
have	work
’ve	have
do	want
have	steal
be	steal
be	investigate
to	divest
to	transition
be	act
to	concede
can	advise
will	wind
be	seek
to	ensure
have	instal
to	ensure
do	fall
be	direct
to	have
to	talk
to	provide
to	travel
would	hate
have	hate
be	do
be	work
to	inform
to	ringside
be	lean
be	lay
be	expect
have	joke
be	go
to	call
to	resurrect
have	receive
to	open
to	kill
have	survive
have	see
be	set
to	cover
might	plan
have	plan
to	make
be	sit
could	socialise
to	complete
be	use
to	conserve
to	rebuild
should	add
have	die
to	sell
to	make
have	shelve
be	shelve
would	work
be	drive
to	heat
should	be
be	decide
to	improve
to	ban
to	hit
to	make
be	emerge
will	achieve
to	create
be	work
would	share
to	score
to	remove
to	attend
be	ride
to	build
would	serve
be	use
to	help
to	reason
be	spiral
be	smoke
be	tell
to	smoke
be	grow
could	return
will	be
be	go
to	slump
have	inform
do	fit
do	get
have	win
would	fit
to	crash
to	do
to	rate
to	sign
to	accept
would	remain
to	attach
to	say
be	devote
to	be
to	be
to	take
would	alter
to	take
to	stop
to	safeguard
to	attend
to	appear
have	imagine
would	get
do	believe
be	going
to	happen
be	witness
to	own
will	be
be	wait
to	leave
to	do
to	menace
be	come
to	come
to	shift
to	score
to	announce
do	spark
have	play
have	see
have	support
be	show
be	work
to	fail
have	spread
to	drain
would	hoist
to	retweet
be	go
to	dismiss
to	knock
to	vote
might	help
have	help
be	listen
to	control
do	think
have	encourage
to	stop
to	be
would	be
be	talk
be	go
to	tell
be	investigate
can	answer
have	use
to	say
to	improve
be	go
be	criticize
do	return
be	investigate
to	disperse
have	work
to	stop
have	reschedule
may	send
must	show
would	do
to	take
to	participate
have	do
to	ignore
to	digest
be	flee
will	remember
will	hold
have	admit
to	see
to	say
be	get
be	tell
have	warn
will	linger
be	go
to	compete
be	hope
to	negotiate
to	apply
to	become
to	fight
to	establish
to	establish
be	write
do	think
to	avoid
to	fight
be	fight
have	serve
to	be
to	use
to	swallow
be	prepare
to	log
have	shoot
to	take
have	take
could	see
could	know
have	know
be	drive
will	contract
have	add
to	handle
have	occur
be	mitigate
be	go
to	assist
’ll	say
could	do
have	do
to	prevent
have	snap
be	struggle
to	sell
to	carry
to	be
must	demonstrate
to	convince
do	remember
have	die
be	drive
to	have
’re	wear
be	trail
to	stop
to	report
be	authorize
to	shoot
to	calibrate
have	call
be	move
to	put
may	meet
to	be
have	fall
be	function
would	clear
to	fly
to	go
do	get
to	proceed
to	clear
to	tire
to	get
be	look
have	park
to	cause
have	test
to	save
to	remain
to	bully
would	have
to	encounter
can	check
to	confront
be	wait
to	get
would	be
have	be
can	imagine
do	cause
can	know
have	cause
have	see
to	ignore
to	leave
to	figure
could	do
be	have
is	gain
have	place
have	increase
to	enjoy
be	enjoy
have	remove
to	ask
do	get
to	understand
to	realize
to	see
to	work
be	watch
to	watch
do	arrive
to	appoint
would	oppose
be	try
to	suppress
would	be
to	restore
would	result
to	learn
can	use
to	create
've	have
to	learn
to	let
to	take
be	be
to	send
be	look
to	trade
be	get
to	sign
have	identify
be	see
to	come
be	make
will	outlive
have	bring
be	think
have	narrate
be	push
do	contemplate
have	do
to	give
be	visit
to	begin
could	subsist
to	cut
to	call
be	have
have	become
do	work
be	get
to	say
would	have
to	find
would	assume
be	administer
would	ensure
have	ensure
would	notice
have	target
be	aim
to	attack
to	close
to	enforce
could	tackle
have	claim
do	know
be	go
to	play
to	eat
be	walk
be	walk
to	raise
be	cross
do	improve
be	close
be	hike
to	get
have	conclude
can	send
be	control
be	have
have	garner
have	earn
have	have
be	try
to	figure
be	manage
have	create
do	live
could	defeat
to	stop
would	play
will	generate
have	say
to	cooperate
to	deal
have	go
to	lead
be	work
to	determine
be	finalize
would	send
be	gear
to	promote
to	comment
to	make
would	save
be	call
to	strike
to	give
to	provide
can	work
to	run
to	end
be	receive
to	respond
have	protest
be	protest
to	win
be	drive
would	prefer
to	forgo
to	take
have	be
have	be
to	cross
to	undermine
to	respond
to	take
be	die
be	argue
to	stand
to	show
have	win
do	work
could	stop
will	be
to	create
could	use
to	alert
be	get
to	extract
to	mix
to	extend
to	service
to	illuminate
would	graze
to	do
’m	post
to	sign
to	continue
to	work
have	notice
be	lose
do	have
do	receive
can	kill
to	take
to	satisfy
to	decay
be	call
to	tell
to	call
have	say
to	study
to	avoid
to	stay
to	get
to	donate
to	call
have	blame
to	lose
have	serve
to	muddy
be	talk
be	balk
can	afford
will	contact
to	confirm
be	prepare
have	earn
have	be
be	display
have	insist
will	be
to	force
to	speak
would	take
to	say
to	be
be	move
be	go
to	blow
to	accept
to	ask
to	clear
to	name
do	need
to	wear
to	disappoint
be	hope
to	see
to	come
to	be
do	believe
be	say
do	know
to	reopen
do	disclose
be	wear
to	reimburse
be	offer
to	become
be	affect
do	apply
be	roll
would	lie
be	lie
to	have
have	report
to	begin
have	scale
do	damage
have	storm
to	avenge
be	vie
to	acquire
to	start
to	thrive
to	be
have	be
be	follow
be	investigate
will	be
have	recover
be	beat
to	intervene
be	search
be	treat
to	involve
have	register
do	say
to	return
have	launch
have	say
to	identify
might	shed
be	attempt
to	check
do	want
be	take
to	drive
be	attempt
to	climb
be	continue
would	issue
be	handle
to	drive
be	drive
be	turn
be	try
to	hide
have	work
to	escape
be	walk
be	idle
be	walk
to	make
to	be
to	head
be	celebrate
do	lend
to	spot
do	know
may	happen
have	happen
have	do
be	urge
to	remain
to	help
be	go
to	supervise
would	fill
have	wow
be	wow
to	present
be	pursue
to	stay
have	lock
be	make
would	wake
have	state
to	drone
do	matter
be	plan
to	say
’ve	get
be	consider
to	pardon
to	deliver
be	stream
would	increase
have	say
be	look
to	run
to	replace
to	play
be	contain
be	harm
will	pay
be	go
to	sell
to	start
to	handle
have	face
to	do
to	move
be	teach
to	inform
to	do
to	return
have	return
to	have
be	speak
have	register
to	beat
would	have
have	have
have	allow
to	run
to	consider
be	live
have	demand
be	demand
to	inform
to	support
would	be
have	be
would	be
have	be
do	wear
to	give
will	limit
be	plan
to	face
be	lie
be	go
to	target
to	say
to	release
to	negotiate
to	give
be	wear
to	walk
be	tighten
to	build
could	lift
be	take
be	push
to	pay
to	put
to	start
to	be
have	be
to	greet
to	reach
be	compare
be	turn
to	comply
to	vote
’ve	vote
have	land
to	open
to	prioritize
to	include
could	hear
be	monitor
to	say
to	apologise
be	make
be	expect
might	make
to	build
have	toil
to	put
to	fight
will	keep
be	re
be	sit
would	find
will	be
to	leave
will	have
to	stay
to	encourage
to	be
to	write
would	enjoy
to	look
have	continue
to	inspire
have	dwindle
do	get
to	carry
to	destroy
to	act
have	battle
be	battle
be	reach
to	pick
to	be
have	spend
be	sleep
to	prepare
to	park
to	write
having	play
be	have
to	beat
should	be
to	teach
might	have
be	fund
could	bring
be	test
would	deliver
be	vote
to	convict
to	act
would	be
have	be
could	blow
to	convert
have	release
to	grace
have	see
have	take
have	impose
do	extend
to	suggest
do	play
be	work
to	be
will	try
to	establish
to	take
have	arrange
to	hand
would	come
be	sit
could	get
have	go
to	check
be	work
to	kickstart
could	bring
to	tell
be	test
to	make
to	reach
to	serve
to	address
to	pass
to	reconsider
to	prevent
be	hope
to	overcome
to	restore
be	cough
to	limit
be	focus
to	go
have	find
’re	get
to	combat
to	emphasize
have	claim
to	murder
have	murder
could	attend
to	hear
to	be
have	granfathere
must	make
be	go
to	do
to	do
be	wear
will	face
to	follow
be	follow
to	educate
will	turn
to	be
to	draw
could	expose
have	expose
to	be
could	free
be	use
have	be
could	delay
have	discover
be	make
have	determine
can	disturb
be	go
to	turn
to	share
to	promote
to	stop
would	be
have	be
would	be
have	eject
to	appreciate
to	audit
be	ride
be	happen
to	bemoan
be	be
be	refer
to	eliminate
have	picket
could	find
to	tune
would	shift
have	shift
be	defend
have	be
to	gallop
to	collect
will	prorate
to	face
to	open
be	die
have	show
to	go
do	attend
’d	ask
be	ask
to	pursue
to	enjoy
to	cut
could	believe
could	do
can	deal
have	happen
to	close
should	have
have	have
to	do
could	spread
would	be
might	sound
've	sound
be	pretend
to	threaten
to	help
have	miss
have	suffer
have	be
be	manage
could	turn
to	sing
to	collect
to	marry
to	have
to	go
be	miss
to	stay
could	watch
to	keep
to	unload
could	tell
could	claim
to	motivate
could	say
be	re
could	understand
be	wear
to	stay
to	recoup
would	be
to	go
to	start
do	score
do	look
do	need
to	rely
be	run
do	specify
be	stay
to	know
do	want
to	tell
have	resolve
to	ensure
have	involve
to	be
have	say
have	tell
be	waive
be	wait
to	see
would	revoke
have	accuse
to	grab
to	create
can	turn
to	intimidate
to	show
to	try
to	work
be	enjoy
may	have
have	have
to	join
to	play
be	give
be	take
to	take
be	showcase
be	work
be	frustrate
’ve	be
can	grow
be	do
be	happen
to	walk
be	wear
to	try
to	get
be	look
would	do
be	do
to	duplicate
be	hallucinate
be	fail
to	push
would	go
do	have
to	offer
have	receive
have	jump
would	have
to	stay
would	ensue
be	look
have	leave
to	treat
would	release
be	go
be	develop
be	look
will	be
do	know
be	set
will	marry
be	carry
to	ensure
have	launch
be	spend
to	shut
to	turn
to	turn
could	afford
to	sent
to	ask
to	pull
be	go
to	die
to	ring
to	tell
might	live
to	let
do	have
to	clean
should	keep
should	saddle
should	ask
be	ask
be	face
be	sue
to	give
to	secure
should	make
could	tell
be	become
to	find
to	free
would	spend
be	hold
could	see
to	talk
to	separate
have	arrange
to	meet
would	make
would	attempt
to	be
to	be
to	defraud
to	quell
be	compete
to	have
do	believe
to	address
be	cry
have	tell
have	be
be	write
to	kill
to	see
would	rule
to	take
be	hear
be	try
to	move
to	be
to	play
to	join
be	sit
can	tell
be	shake
to	show
to	take
do	have
to	wear
to	have
will	hold
to	gather
to	assist
have	use
do	want
to	talk
to	find
to	survive
be	sleep
must	play
do	survive
to	carry
can	expect
to	purchase
to	build
to	take
be	feel
have	be
be	wear
to	open
to	polka
would	survive
would	be
to	submit
to	prevent
be	ask
to	put
to	prepare
have	abuse
to	keep
have	enter
to	do
be	understand
to	highlight
to	underplay
to	play
have	raise
to	build
might	love
have	love
have	film
to	air
would	make
have	marshal
to	prepare
do	settle
to	explore
could	take
to	earn
have	have
to	travel
to	achieve
have	discharge
have	record
have	praise
could	be
have	view
have	like
have	shutter
would	engage
be	live
to	drop
to	offer
be	defect
be	do
have	allege
have	misappropriate
be	take
do	support
to	appear
to	nominate
to	be
to	pursue
to	shut
to	represent
to	cope
be	try
to	convince
would	point
have	threaten
could	do
to	force
to	suffer
have	suffer
to	suggest
do	realize
have	say
will	have
to	commence
can	use
have	be
have	say
be	prepare
to	deploy
have	put
to	deploy
have	be
to	create
could	view
could	put
to	trigger
should	transfer
do	know
be	talk
’m	hope
would	be
to	see
’m	go
to	say
will	say
to	get
do	think
to	protect
be	think
to	experience
have	remind
would	do
have	do
to	put
have	follow
be	plan
be	look
to	hear
could	find
to	leave
to	have
to	go
have	suggest
to	shoot
be	deafen
be	look
have	become
have	reinstate
have	be
do	know
to	buy
would	make
have	make
would	start
be	wonder
to	look
will	allow
to	compete
can	demonstrate
to	demonstrate
be	work
be	point
to	give
have	become
to	have
be	operate
to	keep
would	argue
to	keep
could	base
to	leave
be	make
to	be
might	come
to	borrow
would	support
would	establish
be	try
to	kidnap
can	buy
will	sell
will	buy
should	give
might	appreciate
be	hunt
to	act
to	make
could	expect
to	be
have	ask
to	stop
be	pende
have	win
to	spread
to	tell
would	work
will	come
have	cast
be	attempt
to	defect
must	have
have	have
be	solicit
to	do
do	want
to	be
to	work
do	tell
would	offer
be	flash
be	sense
to	be
to	give
to	prepare
be	go
to	end
have	fall
to	compete
could	say
to	hear
have	have
to	flee
to	podcast
be	work
would	discuss
shall	die
to	staff
do	wonder
to	come
have	return
have	be
to	raise
be	experience
might	go
have	go
be	drive
do	want
to	operate
to	industrialize
would	be
would	destroy
be	face
to	buy
would	open
have	be
to	find
have	grow
to	win
be	grow
may	ground
have	ground
to	ensure
would	provide
to	meet
to	discuss
be	produce
be	drag
have	be
have	be
to	take
would	win
to	be
to	give
to	create
to	protect
to	work
to	apply
be	work
to	counteract
to	absorb
to	continue
would	compensate
to	stop
to	install
be	be
to	file
to	know
would	have
would	signal
to	start
will	break
to	secure
be	receive
to	cheer
could	attend
be	wait
to	come
will	be
would	like
have	like
to	give
have	tell
have	surrender
have	travel
to	vote
have	write
to	become
be	face
be	dance
have	launch
to	help
can	implement
to	make
could	save
to	live
will	remember
to	begin
have	postpone
to	continue
have	reveal
be	convert
to	crack
to	teach
to	compete
could	opt
have	opt
to	do
would	end
have	end
to	work
to	know
to	write
to	do
could	move
can	resort
do	say
to	gain
to	close
to	drop
would	organise
be	see
should	control
will	consider
to	return
have	be
to	read
to	fund
do	happen
do	want
to	identify
to	think
to	be
to	find
to	say
have	say
may	be
to	provide
to	keep
be	stand
to	be
do	think
be	lead
to	pay
have	pay
could	be
to	last
be	struggle
can	intervene
be	flow
do	have
be	live
to	mind
to	reaffirm
could	run
to	be
to	score
might	be
have	be
be	go
to	be
do	include
could	work
could	play
would	go
to	do
be	go
to	be
be	go
to	announce
be	going
to	be
've	use
be	use
to	be
to	pass
have	work
be	work
will	take
have	take
’re	go
to	destroy
to	have
to	buy
could	afford
be	happen
to	build
to	exclude
’ve	be
to	say
be	go
to	be
to	do
’ve	get
be	get
to	dial
to	be
have	stress
to	cancel
have	criticize
might	do
have	do
would	hold
to	spend
be	spend
would	make
would	mean
have	die
have	be
be	swim
to	make
to	shore
to	increase
would	need
to	obtain
to	provide
to	end
to	compete
be	host
will	break
will	give
will	back
be	work
to	become
to	kill
be	ski
to	be
to	comment
to	manage
be	pump
to	cut
do	dress
to	be
be	challenge
to	shoot
to	allow
do	get
to	act
to	fight
have	kiss
be	answer
to	purchase
have	purchase
to	release
to	avoid
would	look
would	have
to	fix
might	be
have	multiply
have	receive
be	receive
will	appear
should	include
have	include
be	look
to	do
to	reach
be	consider
to	restart
to	fund
be	take
have	pass
to	move
be	get
to	move
to	boost
to	assist
to	make
to	develop
to	celebrate
to	discuss
to	wrestle
be	hear
to	lay
be	search
to	declare
would	like
to	join
will	serve
to	be
to	run
be	plan
to	get
could	afford
would	carry
to	wipe
have	experience
to	understand
be	adjust
to	serve
would	suffer
would	be
have	hold
be	conduct
will	help
to	support
to	verify
having	be
to	emphasize
to	axe
to	have
to	ensure
to	show
be	dangle
will	double
to	flow
be	use
to	simulate
will	be
to	maintain
to	distribute
to	help
to	replace
to	reveal
to	go
be	go
to	base
have	ban
be	carry
to	come
to	save
would	go
to	commit
'll	know
be	shake
have	serve
to	close
do	require
could	sell
could	break
to	happen
to	include
to	unseat
to	be
be	trade
to	scratch
to	do
to	continue
to	sell
to	involve
be	drive
do	stockpile
to	mark
to	sow
to	be
can	be
can	fill
to	say
be	baffle
have	frame
have	pass
to	use
could	expect
be	learn
to	walk
to	build
to	start
have	postpone
have	offer
to	help
to	get
to	remove
do	have
to	accept
to	help
have	be
will	be
to	show
have	work
can	confront
will	placate
have	grow
to	take
have	report
to	check
to	report
to	assist
to	clean
to	be
to	move
to	search
to	work
must	stop
could	prove
to	be
be	take
to	live
have	achieve
be	focus
be	allege
be	ignore
have	jail
to	guarantee
to	make
to	become
be	promise
be	call
to	be
to	safeguard
to	develop
to	drive
have	be
have	live
be	live
to	share
be	date
be	go
have	break
be	stay
to	offer
to	carry
to	stop
could	find
have	put
be	stay
do	help
to	cancel
to	tie
to	gather
to	brighten
to	see
to	recover
to	heighten
to	process
can	watch
to	be
to	run
have	carry
be	pedal
to	pin
should	throw
should	compensate
to	see
do	want
to	take
to	expand
have	consider
to	engage
be	drink
have	shut
to	trigger
to	enter
have	cover
to	ban
to	erase
to	provide
to	extend
to	postpone
to	throw
to	suffer
to	check
to	pay
to	mark
to	become
have	start
have	cancel
have	report
have	cover
be	cover
to	realize
to	stop
be	politicize
to	handle
have	withhold
to	submit
to	advise
to	isolate
have	save
to	extract
be	cast
to	address
have	address
to	shift
to	be
to	vacate
have	rage
will	incorporate
to	study
have	conduct
have	witness
would	adjust
would	grow
do	want
to	wait
to	implement
to	alleviate
to	have
to	airlift
to	avoid
to	have
be	anticipate
to	pass
have	name
to	be
could	kick
to	let
have	go
to	be
to	maintain
to	remain
to	recover
be	recover
could	see
have	distribute
should	be
have	leave
have	expand
have	divert
to	create
to	make
to	score
do	work
do	work
to	convey
to	normalize
to	get
do	happen
to	finalize
to	stop
to	take
to	make
could	see
be	shoot
can	see
be	come
have	show
do	believe
have	push
to	have
have	prove
to	give
to	play
be	run
to	follow
to	describe
can	presume
do	do
to	raise
to	address
be	encourage
could	return
to	do
would	base
do	want
to	name
to	believe
would	be
have	form
would	continue
have	take
be	erupt
have	amass
be	come
be	use
to	use
to	take
to	review
be	grieve
've	get
have	test
be	use
have	evolve
to	build
to	fail
have	fail
have	come
to	know
would	exist
to	replace
to	live
to	live
to	kill
could	dig
would	drop
have	show
to	seal
have	lose
to	cover
to	cut
could	gain
to	walk
be	see
have	reopen
have	improve
would	charge
have	stay
have	move
to	increase
do	last
be	experience
do	use
to	rival
to	deliver
be	have
be	stand
have	operate
have	dispatch
have	work
have	receive
to	play
could	tap
be	speak
be	stand
be	travel
to	cooperate
to	deputise
can	reveal
be	command
have	result
to	promote
be	treat
to	select
have	fail
to	make
be	apply
to	be
do	get
to	be
have	be
to	make
be	get
to	score
can	copyright
be	bridge
be	shift
to	monitor
be	gape
could	make
to	maintain
to	position
be	do
be	look
have	be
would	make
to	happen
be	cry
to	explain
to	train
to	take
have	take
to	review
to	say
be	pick
have	brief
would	play
be	play
do	act
have	wish
to	learn
be	become
should	carry
have	carry
have	take
be	underestimate
have	come
to	collect
have	become
have	charge
have	escort
might	have
will	close
to	mature
be	give
will	have
to	receive
be	improve
to	wear
’m	win
have	die
to	beat
to	meet
to	explain
be	pick
could	lead
to	handle
have	be
to	keep
to	keep
to	get
have	get
be	moonlight
to	recognize
will	come
do	make
be	freeze
to	make
to	document
to	continue
to	acknowledge
to	restart
would	go
be	look
would	compete
be	compete
to	run
to	apprehend
to	conduct
be	feel
to	reduce
be	look
to	happen
have	warn
could	expect
to	interfere
to	start
be	break
to	have
be	talk
to	renew
to	start
to	hospital
to	serve
will	be
to	have
to	publish
would	be
to	make
do	have
be	consult
should	apply
be	attend
to	escalate
be	stem
have	make
to	panic
to	win
to	spew
to	stay
to	help
may	be
could	get
to	be
to	stand
do	know
be	go
to	start
to	be
should	be
have	be
have	follow
be	follow
to	make
to	tend
to	show
to	deregister
be	return
to	rezone
would	net
have	net
to	double
to	give
to	listen
have	test
have	be
to	commence
to	report
have	grow
to	include
to	arrive
have	push
to	earn
do	get
to	continue
to	face
to	address
to	present
to	prevent
have	lapse
have	become
to	check
could	be
have	remain
do	seem
to	be
be	stick
to	emulate
will	do
to	nominate
to	start
to	delay
to	heal
to	verify
have	happen
to	give
to	go
to	do
to	say
to	return
may	appreciate
be	stand
to	take
to	strengthen
have	chip
would	shell
be	buy
be	look
be	consider
to	stop
have	stress
to	wait
do	know
to	spend
have	experience
have	put
to	get
to	comply
to	pay
to	murder
have	murder
to	be
to	advocate
to	vote
have	go
to	make
to	deal
to	be
to	maintain
have	be
to	be
to	extend
have	study
to	join
to	you
to	help
to	enter
to	hover
to	flash
to	take
to	make
to	address
to	keep
to	source
have	put
to	accommodate
have	announce
have	receive
will	resume
be	go
to	take
have	have
may	travel
have	travel
to	emerge
to	take
to	be
be	live
do	exist
to	tap
could	tell
to	be
be	make
could	kill
to	blow
to	halve
do	feel
have	conclude
be	trade
could	lead
have	lead
be	grow
would	follow
have	make
would	apply
to	commence
to	see
will	delay
would	produce
to	continue
to	enjoy
will	curse
to	find
to	pay
to	issue
to	be
to	make
have	field
have	force
have	prove
to	be
will	disqualify
to	leave
have	leave
do	arrive
to	quote
to	meet
be	pull
to	rescue
have	win
to	coherent
to	tackle
have	pick
to	become
could	sign
to	pick
do	know
to	submit
could	win
be	go
to	be
be	dominate
be	go
be	try
to	make
to	try
could	put
be	yield
to	flush
would	be
have	be
be	deal
will	name
to	explore
do	appear
to	land
to	speak
to	account
to	develop
have	fall
to	offer
do	know
to	enter
to	trace
to	corrupt
will	remember
be	work
be	show
have	peak
to	leave
to	enter
to	make
to	make
be	talk
will	know
do	score
to	launch
be	require
to	take
have	prescribe
to	rake
to	ask
to	close
to	stay
have	shed
to	remove
have	reopen
to	shut
have	organise
have	attract
be	try
to	secure
to	attack
to	achieve
could	factor
to	cancel
to	hold
have	hold
be	provoke
be	respond
to	celebrate
to	sober
to	have
have	change
do	recognize
to	get
to	keep
have	write
can	find
to	predict
to	stay
to	take
have	raise
be	rock
will	repay
to	determine
should	face
be	hope
to	wrest
will	have
to	withdraw
be	get
have	ruin
have	drop
have	develop
have	be
will	hold
have	give
to	hold
have	outscore
could	be
could	fit
to	pick
would	force
to	listen
have	make
to	muster
to	rededicate
be	operate
have	follow
to	pay
to	front
to	run
could	be
to	compete
to	come
will	have
be	sweep
to	encourage
be	ride
have	approach
be	approach
to	lodge
to	serve
to	step
could	hear
to	write
have	roast
be	roast
to	link
to	relax
to	make
to	treat
to	listen
have	test
to	give
be	tempt
to	thrash
could	keep
will	commit
to	begin
have	fight
be	turn
’ll	be
have	garner
to	fund
would	cap
to	decriminalize
to	include
should	limit
be	investigate
have	violate
have	seek
be	expand
to	host
to	intervene
to	move
have	surrender
would	be
be	seek
to	help
might	have
to	carry
to	advance
to	assess
to	gain
have	ensure
to	check
to	calculate
to	help
to	be
have	confirm
to	monitor
do	request
have	hold
to	see
be	wonder
to	tell
do	like
to	discuss
to	make
to	buy
be	go
to	miss
be	plan
can	have
would	have
could	get
to	build
have	have
to	know
be	supply
be	go
to	be
to	alter
would	be
to	replace
do	seem
to	benefit
to	push
be	farm
will	farm
be	farm
to	go
to	pay
to	expect
have	be
have	be
to	include
be	try
to	find
to	get
be	go
to	be
to	originate
have	originate
have	be
would	drool
have	confuse
to	use
do	have
to	have
to	serve
to	monitor
have	deny
to	give
to	excel
would	let
be	do
do	respect
to	say
to	return
to	carry
will	have
to	restrict
to	comply
will	remain
will	accompany
can	fine
have	see
have	anticipate
can	reflect
have	collude
’m	make
to	attend
’re	look
to	act
have	make
to	deal
have	listen
be	fight
be	run
do	think
could	survive
to	perform
would	limit
could	visit
do	have
to	handle
to	work
be	talk
would	play
to	keep
to	lighten
to	learn
to	involve
have	launch
would	show
to	be
do	scare
to	answer
to	communicate
could	end
should	decide
to	transfer
may	be
to	take
be	hobble
would	be
have	be
to	do
to	explain
to	provide
could	play
to	set
be	have
would	accuse
have	have
do	know
to	find
would	tell
could	see
be	see
would	be
be	lead
do	say
will	hold
to	be
to	monitor
to	read
might	look
to	join
to	keep
would	affect
to	take
to	kick
to	gather
to	make
to	do
have	test
be	struggle
to	recategorize
be	run
to	launch
to	push
have	push
be	try
to	catch
have	have
to	euthanize
be	circulate
to	detect
have	detect
have	travel
to	do
to	secure
to	go
be	shape
to	be
will	cover
be	manufacture
to	keep
to	try
to	find
to	collect
to	control
to	fall
to	prevent
to	ensure
be	work
to	vote
can	afford
to	find
to	bring
to	inform
to	load
be	spread
may	give
have	give
to	transport
to	protect
may	possess
would	like
to	ship
have	make
to	light
to	protect
to	attract
to	say
to	work
do	need
be	go
to	get
have	hear
to	say
to	undergo
have	launch
have	call
to	do
could	get
to	begin
would	struggle
to	pay
would	benefit
have	do
be	do
to	replace
do	dive
be	lack
to	venture
be	work
to	throw
to	stabilise
have	acquit
have	expect
have	experience
to	fuck
would	bounce
to	be
to	receive
be	fall
to	grab
do	indicate
might	make
to	raise
do	disclose
be	investigate
do	announce
be	decontaminate
to	clear
to	have
have	have
to	be
be	develop
to	attack
have	learn
have	be
to	treat
would	transition
would	work
to	carry
to	take
have	render
be	hop
to	get
have	be
have	overturn
should	pay
to	measure
to	create
to	assess
be	wear
to	hand
to	develop
to	finger
to	engage
be	happen
to	warehouse
be	beg
to	help
have	be
have	die
to	address
have	test
could	be
’s	happen
be	explore
would	sign
have	sign
have	be
have	flag
be	say
will	terminate
to	leave
to	assist
do	want
to	find
to	kick
be	go
to	get
to	back
to	fall
have	vote
could	provide
have	suffer
be	honor
to	remove
to	time
have	describe
to	entrap
be	start
to	kill
be	advance
to	appoint
to	dismiss
will	mark
have	affect
to	flatten
to	be
have	write
have	be
to	release
to	carry
to	do
do	file
have	be
to	keep
to	boost
to	make
be	blow
be	travel
to	register
will	focus
to	be
can	become
to	pull
have	try
be	try
to	reheat
have	rise
to	test
to	command
be	fight
’ve	see
be	go
to	be
have	want
to	push
to	spread
have	call
to	be
to	avoid
to	enter
would	be
having	gain
be	make
to	win
to	ensure
would	reassure
would	protect
to	proceed
have	call
to	fight
to	die
have	die
be	discriminate
could	hold
be	see
be	go
to	happen
be	struggle
be	place
to	try
to	end
to	consider
be	do
to	explain
be	plan
to	harm
to	work
be	use
to	assist
would	lose
be	lose
could	change
be	head
to	drop
would	beach
can	identify
to	be
have	identify
do	star
be	date
would	take
have	tell
to	shut
can	compare
be	consider
could	purchase
to	kill
to	end
to	stop
be	scramble
to	maintain
to	examine
might	dampen
have	affect
to	persuade
to	vote
be	circulate
could	transform
to	bring
do	discuss
have	say
be	wait
to	participate
could	do
be	fulfil
be	lie
have	consider
have	work
to	shut
to	appeal
to	expire
be	experience
to	oppose
be	consult
would	happen
to	celebrate
to	show
have	give
be	overheat
to	get
to	play
have	hold
do	know
to	handle
to	do
could	do
have	tell
have	determine
could	get
have	get
must	get
have	get
to	accept
do	think
to	rile
’ll	get
be	provide
to	consume
might	work
have	work
have	return
have	give
can	go
’re	going
to	let
should	be
to	recite
having	put
be	come
be	run
to	access
to	replenish
be	try
to	kill
would	press
would	consider
have	consider
would	kick
have	kick
’ve	have
to	have
to	bleed
've	work
be	work
to	bring
to	be
to	find
to	know
to	work
to	bring
will	be
to	launch
to	orbit
to	commemorate
have	elapse
to	scamper
be	go
to	die
to	rest
to	reflect
have	release
to	build
to	improve
do	bring
do	look
do	do
to	communicate
to	communicate
to	understand
would	have
to	mandate
to	be
have	travel
be	draw
have	ease
could	come
be	warn
should	be
to	divide
to	give
to	prevent
to	support
be	reopen
to	support
be	contract
to	show
have	skip
have	recommend
be	lack
to	complete
to	take
to	be
to	begin
to	realise
have	be
to	honor
to	kill
to	be
to	appreciate
to	cause
be	change
be	divert
might	expect
have	be
to	create
to	survive
have	warm
to	torment
to	become
to	handle
will	treat
to	be
be	concentrate
to	do
will	determine
to	feature
have	increase
to	let
be	miss
have	put
be	battle
do	leave
to	cremate
could	finish
be	come
’ll	live
to	be
might	compromise
have	compromise
be	watch
to	work
be	sit
may	be
have	be
to	ensure
be	try
to	prove
might	be
have	be
to	participate
have	take
be	shocking
to	do
have	encourage
to	run
have	manage
to	gain
to	start
to	provide
do	happen
would	adjust
to	assess
to	assess
to	downplay
to	rehabilitate
to	carry
will	advance
be	give
do	want
to	be
to	work
be	go
to	hike
could	occur
would	escape
to	plant
to	be
would	take
to	change
to	let
to	draw
would	protect
to	make
have	experience
be	debate
to	qualified
to	build
to	project
would	recover
to	keep
could	start
to	fight
to	establish
would	trigger
to	survive
to	increase
to	be
to	prevent
be	complete
to	put
to	increase
to	end
could	remember
to	hear
have	be
will	make
be	get
to	prevent
to	patrol
to	meet
can	meet
to	unseat
to	open
be	invest
have	add
to	degenerate
have	degenerate
to	expedite
have	win
must	say
do	manage
to	ace
to	include
to	mark
have	receive
have	be
to	make
to	pass
will	create
to	make
to	dream
would	happen
be	work
to	help
to	hold
to	delay
be	go
would	do
be	do
be	do
have	do
have	get
be	play
have	express
be	dodge
have	review
have	be
to	stop
have	create
have	recruit
to	play
do	want
to	go
to	play
do	receive
have	say
have	express
do	consider
to	desert
can	attribute
to	say
do	have
be	feel
have	slow
be	teem
do	see
to	attend
to	escape
have	cancel
to	find
to	make
do	plan
to	appreciate
to	open
would	bring
to	stay
have	begin
to	reopen
do	think
to	assist
to	enter
be	soar
be	near
be	be
to	march
have	gather
be	intervene
to	reelect
have	overstate
be	leave
to	join
to	meet
to	discuss
be	make
be	cover
be	damage
to	be
to	speak
be	sue
to	abide
to	complete
to	roam
have	hear
do	help
to	be
to	celebrate
to	cut
to	counter
have	test
to	decide
would	be
to	determine
to	experience
be	intoxicate
to	find
to	be
to	get
to	move
to	have
to	start
to	kick
be	think
would	mean
to	hear
to	help
be	anticipate
to	investigate
to	sideline
will	haunt
to	have
to	make
do	exceed
to	explore
be	worry
to	make
be	reply
to	step
to	stop
to	sing
to	obtain
to	call
to	hear
have	die
have	violate
be	ask
to	say
to	open
to	see
to	set
will	walk
be	go
to	go
to	carry
to	tide
have	step
to	serve
have	renew
to	prevent
to	call
to	explain
have	be
be	act
have	file
be	file
have	say
have	offer
be	offer
to	begin
to	do
have	pour
be	pour
to	appeal
do	address
have	direct
to	slow
be	inflate
would	establish
have	call
to	stand
be	encourage
to	act
have	share
be	feel
have	make
be	make
have	cause
to	make
have	say
be	quote
to	permit
to	continue
would	need
to	issue
have	kill
to	slow
be	accompany
to	warn
would	implement
would	kill
to	abandon
have	see
be	eat
to	charge
to	deny
have	maintain
be	try
to	sell
will	retire
to	find
to	play
to	tackle
be	follow
be	speak
to	show
could	catch
to	hide
to	spread
to	qualify
have	be
to	expedite
be	carry
to	join
be	attend
to	keep
do	come
to	reach
to	say
would	hand
to	kick
to	fire
to	stand
have	be
to	admit
to	want
be	date
be	do
be	sweat
have	deal
be	deal
will	be
to	play
have	accuse
to	collect
have	sentence
do	plead
have	see
can	see
be	burst
be	report
have	necessitate
could	fit
would	take
to	develop
to	test
have	penetrate
to	buy
could	help
'll	kill
've	seize
to	provide
to	be
have	spin
can	assume
be	monitor
have	engage
be	draw
to	interact
to	provide
be	masquerade
to	abide
to	bully
to	allow
to	sell
to	stand
be	face
to	pursue
may	start
have	start
to	bring
to	form
be	acquire
to	pit
to	play
be	travel
to	bring
would	vote
be	cry
be	speak
have	attempt
to	make
have	tell
have	wear
be	wear
have	meet
to	see
to	see
have	prohibit
have	say
to	comprehend
be	school
to	face
to	write
be	appeal
be	act
to	prioritize
to	pass
be	hope
to	assimilate
to	get
to	participate
do	think
to	order
to	win
to	tell
will	carry
’ve	point
be	stay
could	afford
must	clarify
will	reconcile
be	invest
be	lead
to	speak
to	say
to	produce
will	enable
to	cover
be	go
can	agree
can	justify
be	close
to	stop
be	happen
could	be
to	see
would	last
have	last
be	take
do	feel
to	present
do	get
do	like
do	like
do	know
be	go
to	happen
do	believe
would	expect
be	practise
have	let
do	know
have	do
to	score
to	represent
be	smuggle
to	look
be	come
to	turn
have	have
be	go
to	come
to	try
be	press
have	witness
have	say
have	listen
be	listen
have	study
be	study
to	result
be	come
be	go
to	be
be	go
to	be
have	give
can	know
have	rank
have	create
’ll	see
can	get
to	find
to	be
’ve	underestimate
to	be
to	opt
be	come
to	disconnect
to	pay
be	quote
be	try
to	secure
would	do
to	get
to	perish
have	perish
will	keep
to	be
to	view
may	see
have	be
would	be
have	be
have	touch
have	come
to	get
to	participate
be	be
could	enjoy
be	go
to	happen
to	hear
to	set
have	arrest
have	shoot
be	lie
to	accept
may	reconsider
could	understand
would	sideline
be	do
be	get
could	do
to	try
to	give
’ve	have
to	have
to	take
’ve	do
’ve	be
be	work
to	bring
to	help
to	hire
be	go
to	happen
to	comment
to	call
do	trust
do	want
to	come
be	have
be	count
should	be
to	hear
be	lead
would	close
to	get
be	go
to	change
be	plan
to	go
be	play
to	go
be	call
to	help
be	do
to	do
to	get
would	hope
do	know
would	try
to	get
could	be
have	go
will	play
be	play
’re	get
could	try
to	control
do	realize
have	start
have	fall
be	take
to	be
to	quarantine
've	give
be	go
to	do
to	prove
have	prevent
to	do
to	go
would	end
have	grow
have	give
to	do
do	come
would	provide
would	penalize
be	reallocate
to	have
be	wrap
to	master
to	avoid
be	take
be	say
to	bail
be	bail
to	pay
be	go
should	take
to	pay
to	pay
to	do
to	get
to	execute
to	free
to	deal
to	contact
do	accord
to	say
to	see
might	strike
might	happen
be	assure
be	work
should	concede
to	give
would	resolve
should	take
to	make
would	be
do	hear
to	complain
to	die
to	stop
to	retake
to	reveal
to	make
have	threaten
to	take
to	watch
could	subsidize
to	help
to	advertise
be	screen
would	be
be	do
to	introduce
could	help
be	grow
have	stand
to	reach
to	make
would	reference
to	set
to	have
be	call
would	see
’d	do
could	catch
to	stab
be	start
to	run
to	substitute
be	struggle
to	work
to	come
to	answer
to	write
to	compare
have	see
to	lie
to	get
to	meet
to	address
be	face
do	feel
be	go
to	support
be	step
be	occur
have	forget
be	expect
to	send
be	go
to	cancel
to	do
to	care
have	accuse
to	react
be	happen
to	favourite
to	have
to	receive
have	move
to	make
to	go
be	drive
be	fight
could	work
be	hope
to	put
be	grow
would	say
must	see
do	have
be	play
would	thrive
can	do
to	be
to	push
to	build
be	affect
would	find
be	find
to	set
to	sign
be	send
be	trade
be	die
would	make
would	forget
to	accept
can	keep
be	get
do	say
have	deteriorate
have	assume
be	write
be	create
be	die
to	wear
to	curb
to	direct
to	have
be	go
to	happen
can	tell
to	act
got	cheat
would	taint
to	silence
have	be
be	consider
to	give
to	refuse
could	forgive
to	plan
to	be
to	look
be	make
do	run
be	stay
have	buy
be	seek
be	look
to	do
to	stay
to	shutter
to	flop
be	come
to	keep
to	leave
have	do
to	blame
be	wear
be	send
would	send
be	go
to	get
be	plan
to	shoot
to	do
be	go
to	be
might	think
have	think
’d	have
be	have
be	marry
to	get
to	allow
to	say
be	go
to	support
be	go
would	be
to	convince
to	switch
be	date
have	call
could	involve
have	say
would	thrive
will	take
can	get
may	be
to	work
to	answer
to	enhance
would	have
not	have
to	add
have	mentor
have	say
would	sit
to	stop
to	prevail
will	drive
to	agree
should	have
to	ban
be	live
would	speculate
to	file
to	die
have	manage
to	accomplish
be	fulfil
be	do
to	help
to	want
to	floor
to	want
to	give
be	detain
be	go
be	wait
to	come
be	near
have	raise
to	learn
to	commit
to	move
be	work
have	see
be	struggle
to	speak
be	treat
be	speak
to	close
to	be
to	start
to	stay
have	extract
to	be
can	see
have	have
would	reinducte
would	continue
to	face
be	rise
may	shoot
do	disclose
be	refer
be	discuss
to	make
to	bring
have	leave
have	bear
have	improve
have	be
be	see
be	visit
to	see
do	provide
have	have
have	increase
've	receive
've	write
be	wait
to	see
to	see
can	shoot
do	work
to	get
would	be
have	be
have	be
will	have
can	deny
might	cope
have	cope
have	be
to	inaugurate
have	occur
have	be
could	cheat
have	gain
be	pretend
will	come
be	come
would	be
to	capitalize
to	help
to	equip
to	manage
to	win
do	make
have	thrill
having	act
will	investigate
can	spiral
be	go
to	be
be	occur
to	exit
be	take
be	risk
be	respond
have	pick
to	remain
to	close
to	serve
be	garner
have	rubbish
to	ask
would	add
do	get
to	be
be	get
be	stand
be	hide
to	harass
to	grapple
have	rule
be	gather
to	support
be	go
to	take
be	go
to	help
be	go
would	think
have	think
would	be
to	win
to	take
to	take
have	decide
to	dismiss
to	attend
to	stop
to	gun
to	assume
be	get
to	be
be	arrive
do	fit
have	create
to	stick
to	centralize
to	develop
to	develop
have	plead
be	deny
could	expedite
to	go
have	say
be	reach
to	break
be	investigate
to	recognize
to	pursue
to	come
would	fall
could	have
have	have
to	evaluate
to	pull
to	win
have	earn
have	help
to	be
can	make
will	become
to	lose
to	make
be	have
having	discover
would	reveal
to	make
to	play
to	find
would	be
have	be
be	become
to	have
will	receive
to	make
to	revisit
be	target
to	raise
to	introduce
to	lift
to	hear
have	make
to	streamline
have	play
have	play
be	look
to	have
should	finish
to	watch
to	make
have	consolidate
be	move
to	release
to	expire
be	take
have	collect
be	ponder
to	start
to	complete
be	carry
to	get
might	invent
have	invent
to	make
be	catch
will	be
to	cover
to	remember
be	return
to	show
be	eat
be	roll
be	feel
be	deem
do	feel
to	do
can	imagine
can	imagine
could	hear
be	bring
to	protect
could	see
be	say
do	know
be	come
to	figure
will	continue
helped	build
to	go
be	fall
do	know
to	make
do	want
be	drain
be	look
may	call
do	say
to	accommodate
to	hit
be	go
to	make
do	happen
have	happen
can	prevent
’ve	see
be	go
to	be
will	recall
have	in
to	sustain
to	enable
to	compete
have	confirm
to	change
be	play
have	criticise
be	transmit
will	be
have	be
to	slow
have	attempt
to	snap
have	be
have	attend
be	search
have	cite
to	see
be	go
to	have
have	attain
