be	remove
be	find
be	know
be	injure
be	announce
be	wound
be	shoot
be	steal
be	arrest
be	shoot
be	hit
be	leave
be	assault
be	injure
be	withhold
be	arrest
be	describe
be	shove
be	deface
be	recognise
be	publish
be	condemn
be	suppose
be	pay
be	sign
be	call
be	find
be	shoot
be	plague
be	stop
be	hate
be	vote
be	report
be	kill
be	make
be	strike
be	erect
be	deny
be	send
be	shoot
be	address
be	approve
be	find
be	intend
be	convict
be	deny
be	harmonise
be	rush
be	dispatch
be	call
be	hijack
be	rob
be	allow
be	develop
be	suspect
be	involve
be	shoot
be	rush
be	list
be	shoot
be	rush
be	set
be	pause
be	write
be	cut
be	select
be	rob
be	find
be	find
be	analyse
be	evacuate
be	identify
be	make
be	notify
be	stop
be	involve
be	accuse
be	accuse
be	mean
be	take
be	mean
be	occupy
be	elect
be	westbound
be	receive
be	find
be	take
be	send
be	head
be	hook
be	take
be	lodge
be	sell
be	make
be	accuse
be	create
be	convict
be	sentence
be	find
be	charge
be	count
be	send
be	close
be	complete
be	form
be	record
be	break
be	test
be	tell
be	establish
be	share
be	discover
be	streamline
be	hire
be	involve
be	light
be	pick
be	release
be	take
be	find
be	grant
be	oust
be	arrest
be	capture
be	beat
be	detain
be	compile
be	force
be	contest
be	bury
be	release
be	sponsor
be	disappointed
be	include
be	detect
be	emulate
be	fete
be	give
be	make
became	know
be	charge
getting	outplay
be	call
be	spot
be	say
be	send
be	consider
be	report
be	infect
be	cancel
be	put
be	introduce
be	place
be	arrest
be	force
be	leave
be	record
be	find
be	suppose
be	send
be	establish
be	transfer
be	suspend
be	capture
be	charge
be	take
be	hear
be	send
be	arrest
be	provide
getting	use
be	repair
be	reopen
be	disallow
be	score
be	consider
be	curtail
be	release
be	consider
be	slur
be	extract
be	force
be	pass
be	trouble
be	treat
be	form
be	finish
be	ask
be	stick
be	postpone
be	hold
be	accept
be	strike
be	inspire
be	use
be	launch
be	release
be	make
be	harass
be	place
be	relieve
be	catch
be	bring
be	stall
be	found
be	draw
be	see
be	pull
be	hospitalize
be	resolve
be	damage
be	suppose
be	support
be	shut
be	injure
be	serve
be	declare
be	admit
be	hold
be	catch
be	hold
be	fire
be	recover
be	leave
be	predecease
be	ground
be	join
be	call
be	surround
be	draft
be	recapture
be	find
be	announce
be	report
be	stab
be	divert
be	mean
be	undo
be	dismiss
be	build
be	change
be	block
be	trade
be	need
be	secure
be	import
be	subtitle
be	murder
be	reduce
be	hit
be	arrest
be	charge
be	suppose
be	surround
be	find
be	push
be	report
be	postpone
be	catch
get	mention
be	kill
be	make
be	move
be	mention
be	find
be	oppose
be	intend
be	conclude
be	break
remained	tilt
be	charge
be	observe
be	concern
be	strike
be	eject
be	stall
be	reclaim
be	base
be	plan
be	build
be	consider
be	make
be	motivate
be	designate
be	depict
be	tease
be	report
be	report
be	damage
be	knock
be	grant
be	wound
be	arrest
be	stab
be	hospitalize
be	find
be	discover
be	arrest
be	see
be	want
be	arrest
be	call
be	hold
be	find
be	strike
be	request
be	hold
be	ask
be	build
be	found
be	found
be	create
be	dispatch
be	sentence
be	remand
be	feel
be	know
be	hospitalise
be	build
be	reduce
be	screen
be	intend
be	make
be	pass
be	leave
be	remove
be	catch
be	postpone
be	require
be	return
be	detect
be	arrest
be	display
be	adopt
be	issue
be	declare
be	give
be	issue
be	find
be	season
got	pay
be	devastate
be	cast
be	present
be	injure
be	concerned
be	approve
be	adapt
be	dethrone
be	twisted
be	ask
be	reward
get	catch
be	send
be	trade
be	injure
get	kill
be	decorate
be	shoot
be	pronounce
be	release
be	accept
be	pop
be	interpret
be	add
be	offer
be	adopt
be	introduce
felt	force
be	discuss
be	intend
be	care
be	discover
be	find
be	inaugurate
be	shoot
be	support
be	release
be	set
be	scrap
be	shoot
be	launch
be	pull
be	wound
be	register
be	oblige
be	suppose
be	initiate
be	bring
be	photograph
be	launch
be	open
be	freeze
be	steal
be	find
be	make
be	file
be	appoint
be	hear
be	release
be	put
be	auction
be	report
be	set
be	speak
be	know
be	list
be	report
be	report
be	injure
be	lacerate
be	believe
be	float
be	push
be	bring
be	name
be	hold
be	issue
be	write
be	name
be	write
be	push
be	place
be	charge
be	involve
be	bear
be	cheer
be	cheer
be	expose
be	buy
be	rummage
be	charge
be	complete
be	test
be	run
be	perceive
be	drive
be	learn
be	ask
be	ask
be	encourage
be	find
be	believe
be	cancel
be	name
be	make
be	back
be	reward
be	pin
be	rebuild
be	post
be	notify
be	use
be	damage
be	apprehend
be	abort
be	scramble
be	find
be	jail
be	file
be	discuss
be	intend
be	distribute
be	take
be	shoot
be	use
be	announce
be	file
be	ask
be	remove
be	write
be	brand
be	write
be	catch
be	acquire
be	observe
be	involve
be	make
be	adjourn
be	reject
be	employ
be	take
be	throw
be	entitle
be	notify
be	award
be	bar
be	allow
be	seek
be	spend
be	shoot
be	issue
be	punch
be	delay
be	set
be	kill
be	trade
be	sentence
be	sack
be	post
be	keep
be	place
be	recruit
be	set
be	create
be	put
be	set
be	terminate
be	inundate
be	announce
be	require
be	expect
be	teach
be	condemn
be	murder
be	erase
be	introduce
be	know
be	use
be	display
remained	suspend
be	serve
be	place
be	conduct
be	find
be	found
be	report
be	release
be	form
be	appoint
be	locate
be	accompany
be	concern
be	expand
be	stop
be	force
be	pack
be	make
be	report
be	introduce
be	top
be	bear
be	deny
be	reinstate
be	cross
be	attach
be	confirm
be	charge
be	buy
be	do
be	order
be	subject
be	allow
be	erect
be	simulate
be	constitute
be	constitute
be	make
be	collect
be	collect
be	discover
be	exonerate
be	give
be	make
be	cramp
be	accuse
be	tell
be	bring
be	permit
be	call
be	mean
be	introduce
got	introduce
be	remove
be	notice
be	sadden
be	include
be	expose
be	put
be	snap
be	expose
be	push
be	face
be	hold
be	ask
be	require
be	recover
be	steal
be	pick
be	present
be	conduct
be	reaffirm
be	expect
be	permit
be	rumor
be	call
be	punch
be	control
be	obtain
be	stab
be	call
be	arrest
be	sign
be	complete
be	strike
be	intoxicate
be	arrest
be	hurt
be	shoot
be	instal
be	strike
be	diagnose
be	take
be	prosecute
be	prosecute
be	consider
be	hospitalize
be	infect
be	tap
be	establish
be	require
be	grant
be	mar
be	kill
be	lay
be	go
be	take
be	debate
be	halt
be	confirm
be	issue
be	issue
be	collect
be	make
be	uproot
be	love
be	intend
be	find
be	beat
be	enforce
be	knock
be	grant
be	join
be	solve
be	introduce
be	complete
be	transfer
be	meter
be	place
be	file
be	tell
be	steal
be	adjourn
be	arrest
be	examine
be	expect
be	release
be	tout
be	publish
be	impose
be	extend
be	shoot
be	shoot
be	park
be	hold
be	shoot
be	play
be	stop
be	play
be	hold
be	hold
be	jail
be	leave
be	include
be	give
be	obtain
be	obtain
be	leave
be	assault
be	damage
be	call
be	steal
be	attack
be	take
be	behead
be	charge
be	give
be	arrest
get	test
be	injure
be	discover
be	make
be	approve
be	arrest
be	take
be	govern
be	clear
be	kill
be	call
be	stick
be	found
be	headquarter
be	base
be	nab
be	charge
be	take
be	give
be	honour
be	announce
be	treat
be	monitor
be	move
be	remove
be	bear
be	bear
be	use
be	infect
be	use
be	increase
be	elect
be	tell
be	call
be	give
be	send
be	ban
be	attack
be	involve
be	suspend
be	plague
be	make
be	lose
be	lose
be	bury
be	release
be	extend
be	schedule
be	recruit
be	bear
be	precede
be	bear
be	include
be	overcome
be	inaugurate
be	trade
be	portray
be	charge
be	grant
be	style
be	see
be	cloak
be	survive
be	kill
be	trade
be	grant
be	trade
be	use
be	hide
be	seize
be	pull
be	shoot
be	develop
be	boo
be	break
be	bear
be	eliminate
be	transfer
be	handle
be	focus
be	own
be	bear
be	appoint
be	picture
be	trade
be	send
be	cover
be	nickname
be	intend
be	base
be	base
be	bear
be	shoot
be	set
be	suppose
be	name
be	trim
be	charge
be	bring
be	forecast
be	blast
be	arrest
be	hospitalize
be	defeat
be	find
be	find
be	place
be	jail
be	award
be	trip
be	place
be	put
be	force
be	see
be	book
be	devastate
be	cancel
be	release
be	design
be	prevent
be	inspire
be	call
be	rule
be	arrest
be	keep
be	expect
be	call
be	tell
be	back
be	convict
be	usher
be	clean
be	leave
be	save
be	do
be	use
be	adjudge
be	declare
be	flout
be	implement
be	deny
be	make
be	see
be	accompany
be	strike
be	recover
be	move
be	consider
be	lead
be	give
be	dismiss
be	suspend
be	shrug
be	sideline
be	head
be	join
be	coil
be	kill
be	drive
be	do
be	say
be	reopen
be	identify
be	criticize
be	write
be	intrigue
be	incapacitate
be	file
be	rule
be	involve
be	use
be	tie
be	touch
be	be
be	instal
be	sign
be	infect
be	cast
be	strip
be	post
be	announce
be	overrate
be	foul
be	rush
be	surround
be	deliver
be	allay
be	lead
be	do
be	submit
be	scuttle
be	hold
be	deny
be	hammer
be	make
be	constitute
be	wake
be	put
be	tell
be	ban
be	outline
be	diagnose
be	compare
be	postpone
be	bear
be	overshadow
be	ask
be	add
be	launch
be	meet
be	use
be	jack
be	rescue
be	snuff
be	strip
be	set
be	garner
be	force
be	destine
be	meet
be	know
be	revive
be	use
be	be
be	cut
be	infect
be	beat
be	send
be	stop
be	lift
be	elevate
be	go
be	fire
be	require
be	implement
be	reschedule
be	confirm
be	appeal
be	close
be	involve
be	sentence
be	diagnose
be	ramp
be	hit
be	time
be	test
be	disappoint
be	uphold
be	remove
be	reach
be	schedule
be	hit
be	dub
be	name
be	bear
be	think
be	reunite
be	see
be	picture
be	join
be	file
be	arrest
be	say
be	load
be	desire
be	expect
be	consider
be	name
be	release
be	develop
be	demolish
be	launch
be	schedule
be	arrest
be	destroy
be	tag
be	establish
be	fuel
be	touch
be	hold
be	salvage
be	link
be	concern
be	follow
be	declare
be	list
be	deny
be	hear
be	see
be	find
be	find
be	say
be	hand
be	deposit
be	launch
be	arrest
be	stop
be	place
be	cancel
be	name
be	elect
be	nominate
be	select
be	bear
be	recrowne
be	mob
get	finish
be	expect
be	form
be	acquire
be	list
be	include
be	ask
be	disappoint
be	decide
be	dominate
be	use
be	include
be	affect
be	politicize
be	plan
be	expect
be	complete
be	highlight
be	set
be	help
be	devoted
be	advise
be	make
be	set
be	find
be	hospitalize
be	diagnose
be	involve
be	write
be	expect
be	complete
be	pair
be	ask
be	cancel
be	release
be	pronounce
be	plunge
be	lose
be	divide
be	charge
be	order
be	make
be	trade
be	focus
be	shock
be	dissolve
be	interrupt
be	float
be	establish
be	cause
be	release
be	project
be	forge
be	understand
be	win
be	feature
be	serve
be	horrify
be	build
be	indict
be	expand
be	turn
be	collect
be	sell
be	commit
be	deal
be	precede
be	arrest
be	incarcerate
be	intend
be	arrest
be	register
be	discover
be	declare
be	assign
be	attack
be	find
be	warn
be	charge
be	trade
be	shoot
be	kill
be	order
be	precede
be	republish
be	pick
be	visit
be	mark
be	sadden
be	bear
be	marry
be	find
be	find
be	pull
be	take
be	notify
be	know
be	deliver
be	pronounce
be	use
be	rank
be	see
be	use
be	swear
be	rush
be	test
be	see
be	design
be	inject
be	present
be	sweep
be	murder
be	shoot
be	impair
be	fly
be	relax
be	complete
be	know
be	reference
be	see
be	revere
be	do
be	do
be	find
be	lose
be	infect
be	upgrade
be	finance
be	bear
be	confirm
be	arrest
be	stick
be	affect
be	cause
be	enhance
be	follow
be	link
be	consider
be	catch
be	find
be	make
be	set
be	make
be	charge
be	schedule
be	swear
be	ask
be	ask
be	record
be	leave
be	spot
be	accept
be	consider
be	use
be	ask
be	pull
be	ask
be	carry
be	arrest
be	record
be	arrest
be	locate
be	abandon
be	describe
be	announce
be	order
be	dismiss
be	use
be	build
be	arrest
be	receive
be	refuse
be	deport
be	report
be	lock
be	put
be	extend
be	establish
be	value
be	force
be	help
be	remove
be	force
be	allow
be	acquit
be	suspend
be	spot
be	centre
be	create
be	order
be	update
be	rumor
be	pick
be	overlook
be	hire
be	take
be	kill
be	succeed
be	trade
be	call
be	reunite
be	buy
be	apprehend
be	see
be	launch
be	limit
be	oversee
be	take
be	take
be	suspend
be	suspend
be	rank
be	retain
be	be
be	publish
be	quote
be	detect
be	place
be	launch
be	end
be	rip
be	complete
be	choke
be	choke
be	oust
be	tell
be	take
be	train
be	meet
be	take
be	convince
be	discharge
be	hear
be	give
be	involve
be	disrupt
be	wrong
be	name
be	follow
be	nourish
be	bear
be	expect
be	incorporate
be	headquarter
be	reissue
be	need
be	brief
be	save
be	use
be	lose
be	rush
be	give
be	arrest
be	shoot
be	record
be	arrest
be	need
be	see
be	trap
be	use
be	reach
be	declare
be	hold
be	schedule
be	prevent
be	sentence
be	award
be	found
be	see
got	scout
’s	call
be	infect
be	injure
be	call
be	use
be	believe
be	score
be	close
be	bat
be	know
be	announce
be	adopt
be	force
be	move
be	deliver
be	shoot
be	share
be	arrest
be	share
be	assault
be	stabilise
be	dub
be	bear
be	diagnose
be	represent
be	handle
be	stigmatize
be	accept
be	update
be	contact
be	donate
be	make
be	prepare
be	postpone
be	reschedule
be	represent
be	create
be	admit
be	find
be	trace
be	catch
be	introduce
be	purchase
be	cancel
be	disseminate
be	admit
be	draft
be	draft
be	murder
be	introduce
be	ask
remained	confine
be	set
get	marry
be	diagnose
be	express
be	diagnose
be	upgrade
be	select
be	convict
be	arrest
be	confirm
be	obsess
be	relieve
be	know
be	destroy
be	shoot
be	expect
be	announce
be	meet
be	bear
be	give
be	spare
be	chain
be	shake
be	convict
be	know
be	sadden
be	renovate
be	arrest
be	regain
be	transport
be	put
be	extend
be	ask
be	sign
be	lash
be	brand
be	make
be	mean
be	use
be	hold
be	plan
get	marry
be	stab
be	build
be	raise
be	establish
be	establish
be	do
be	award
be	see
be	do
be	shift
be	inspire
be	form
be	award
be	bear
be	permit
be	carry
be	allow
be	do
be	make
be	marry
be	invite
be	represent
be	bear
be	find
be	find
be	take
be	base
be	charge
be	penalise
be	fire
be	afford
be	involve
be	deem
be	inform
be	arrest
be	bear
be	bear
be	raise
be	charge
be	divide
getting	lose
be	rescue
getting	rid
be	give
be	trade
be	bear
be	set
be	preordain
be	name
be	relegate
be	make
be	charge
be	name
be	take
be	accuse
be	blow
be	put
be	put
be	deny
be	attack
be	elect
be	determined
be	allow
be	air
be	put
be	lift
be	educate
be	release
be	order
be	take
be	underline
be	find
be	bear
be	portray
be	relieve
be	appoint
be	return
be	send
be	kill
be	give
be	choose
be	put
be	slow
be	consider
be	kill
be	try
be	set
be	roll
be	hire
be	rehire
be	declare
be	offer
be	raise
be	root
be	think
be	set
be	unopposed
be	convict
be	crucify
be	diagnose
be	theme
be	handcuff
be	injure
be	relegate
be	give
be	send
be	expand
be	sentence
be	let
be	board
be	grant
be	hear
be	capture
be	use
be	report
be	test
be	baffle
be	outdate
be	pick
be	committed
be	aim
be	push
be	hire
be	fire
be	give
be	recognise
be	sanction
be	think
be	kidnap
be	connect
be	report
be	remand
be	impeach
be	report
be	bear
be	arrest
be	people
be	transport
be	overcome
be	saddle
be	elevate
be	inspire
be	drug
be	raise
be	record
get	pay
be	follow
be	truncate
got	bogge
be	bring
be	sideline
be	terminate
be	clear
be	realise
be	say
be	invite
be	say
be	elect
be	name
be	administer
be	practice
be	think
be	diagnose
be	transfer
be	base
be	bind
be	trust
be	consider
be	offer
be	lose
be	tap
be	partner
be	dismiss
be	dismiss
be	riddle
be	investigate
be	announce
be	capture
be	wheel
be	lay
be	reduce
be	seal
be	name
be	steal
be	place
be	set
be	lock
be	finance
'	finance
got	do
be	involve
be	hurt
be	move
be	monitor
be	film
be	phase
be	finish
be	suppose
be	damn
be	go
be	sack
be	make
be	mean
be	make
be	inspire
be	ascertain
getting	sweep
be	return
be	leave
be	brief
be	aim
be	kill
get	test
be	make
be	stage
be	drop
be	assault
be	set
be	be
be	refer
be	load
be	create
get	suffocate
be	split
be	steal
be	find
be	charge
be	send
be	serenade
be	justify
be	promote
be	commit
be	bless
be	take
be	test
be	cut
be	seat
be	chase
be	hospitalize
be	book
be	expose
be	admit
be	pilot
be	promote
be	charge
be	accuse
be	seize
be	accuse
be	accuse
be	acquit
be	add
be	charge
be	admit
be	advise
be	allow
be	ask
be	relate
be	bestow
be	find
be	give
be	grant
be	justify
be	order
be	want
be	believe
be	send
be	sign
be	arraign
be	release
be	arrest
be	arrest
be	arrest
be	hear
be	ask
be	bear
be	bear
be	call
be	capture
be	charge
be	release
be	confirm
be	crown
be	head
be	detain
be	diagnose
be	discharge
be	drive
be	elect
be	employ
be	evaluate
be	expect
be	lead
be	accuse
be	elect
be	fly
be	cancel
be	find
be	call
be	find
be	find
be	see
be	grant
be	grant
be	pull
be	handcuff
be	drive
be	hit
be	save
be	arrest
be	find
be	remand
be	release
be	make
be	rescue
be	inform
be	involve
be	arrest
be	transport
be	hook
be	inter
be	interview
be	invite
be	involve
be	jail
be	join
be	beat
be	knight
be	know
be	arrest
be	take
be	schedule
be	leave
be	invite
be	make
be	name
be	name
be	prosecute
be	nominate
be	move
be	rank
be	know
be	ordain
be	order
be	overpay
be	pay
got	move
be	picture
be	wrong
be	place
be	place
be	place
be	precede
be	raise
be	arrest
be	promote
be	promote
be	pronounce
be	surround
be	ram
be	catch
be	refuse
be	release
be	release
be	release
be	remand
be	release
be	remand
be	remind
be	penalize
be	say
be	monitor
be	schedule
be	schedule
be	schedule
be	see
be	see
be	set
be	ship
be	exhibit
be	shoot
be	include
be	arrest
be	spot
be	suppose
be	transport
be	suppose
be	suspend
be	take
be	take
be	pronounce
be	take
be	select
be	release
be	take
be	take
be	kill
be	give
be	declare
be	tell
be	transfer
be	transport
be	transport
be	trap
be	extricate
be	treat
be	treat
be	take
be	leave
be	welcome
be	appoint
be	find
be	pronounce
be	disregard
be	bully
be	deem
be	cover
be	arrest
be	build
’s	be
be	set
be	use
be	bear
be	urge
be	cut
be	feature
be	cancel
be	pay
be	pay
be	kill
be	see
be	bolster
be	sit
be	root
be	confirm
be	rule
be	arrest
be	hold
be	hasten
be	worry
be	comprise
be	pay
be	puff
be	take
be	execute
be	amuse
be	suspend
be	find
be	surround
be	murder
be	sell
be	arrest
be	place
be	foil
be	send
be	outsmart
be	disrupt
be	put
be	predicate
be	cancel
be	see
be	martyr
be	table
be	circulate
be	find
be	throw
be	identify
be	raise
be	bear
be	force
be	injure
be	turn
be	pay
be	want
be	dub
be	find
be	diagnose
be	force
be	require
be	transport
be	extend
be	kill
be	hurt
be	win
get	snatch
be	lease
be	postpone
be	reschedule
be	lose
be	report
be	pull
be	need
be	adapt
be	make
be	ask
be	fire
be	discontinue
be	abuse
be	make
be	convince
be	deem
be	ask
be	integrate
be	cut
be	shut
be	manipulate
got	lose
be	force
be	name
be	push
be	encourage
be	appoint
be	entitle
be	provide
be	arrive
be	make
be	affect
be	arrest
be	meet
be	write
be	process
be	lure
be	dispute
be	detain
be	view
be	affect
be	alert
be	refuse
be	take
be	cede
be	awaken
be	preserve
be	report
be	declare
be	use
be	reject
be	introduce
be	answer
be	suppose
be	surprise
be	detain
be	price
be	arrest
be	arrest
be	bear
be	raise
be	need
be	involve
be	link
be	link
be	say
be	talk
be	found
be	unfaze
be	trade
be	quote
be	obsess
be	write
be	say
be	involve
be	bear
be	bear
be	overrate
be	sing
be	consider
be	test
be	test
be	choose
be	include
be	thrust
be	associate
be	need
be	banish
be	read
be	obey
be	need
be	strand
be	enact
be	identify
be	persuade
be	move
be	transfer
be	see
be	know
be	target
be	elect
be	collect
be	spend
be	expect
be	bring
be	upset
be	spend
be	value
be	feel
be	release
be	release
be	blame
be	obligate
be	give
be	bear
be	tell
be	report
be	discontinued
be	build
be	set
be	collect
be	miss
be	shock
be	win
be	use
be	close
be	run
be	section
be	ask
be	estimate
be	make
be	assign
be	spark
be	beat
be	knight
be	outweigh
be	elect
be	allocate
be	reversed
be	change
be	nominate
be	invite
be	select
be	honor
be	develop
be	continue
be	dedicate
be	convict
be	publish
be	understand
be	cast
be	form
be	uphold
be	award
be	succeed
be	diagnose
be	induct
be	appoint
be	send
be	remove
be	accuse
be	sentence
be	add
be	line
be	arrest
be	crown
be	elect
be	capture
be	pick
be	put
be	portray
be	pass
be	impound
be	release
be	precede
be	precede
be	observe
be	go
be	film
be	delete
be	pay
be	need
be	tender
be	discover
be	warn
be	post
be	set
be	accuse
be	schedule
be	cancel
be	appoint
be	show
be	rigged
be	close
be	confine
be	inform
be	hold
be	award
be	lift
be	criticise
be	bail
be	give
be	announce
be	need
be	coddle
be	hit
be	cancel
be	shut
be	construct
be	invade
be	elect
be	bear
be	direct
be	announce
be	arrest
be	release
be	appoint
be	subject
be	cut
be	cut
be	drive
be	advise
be	expect
be	bear
be	approach
be	want
be	distribute
be	publish
be	call
be	kill
be	justify
be	shoot
be	hire
be	hit
be	hold
be	shoot
be	hurt
be	hit
be	associate
be	head
be	inspire
be	give
be	report
be	transfer
be	investigate
be	entitle
be	influence
be	produce
be	practice
be	report
be	dismiss
be	report
be	charge
be	drop
be	know
be	hold
be	report
be	permit
be	arrest
be	interview
be	arrest
be	obtain
be	underestimate
be	cut
be	identify
be	compare
be	carry
be	surprise
be	beat
be	see
be	bear
be	ban
be	ban
be	attribute
be	leave
be	suppose
be	report
be	mean
be	rush
be	graze
be	find
be	need
be	call
be	see
be	do
be	purchase
be	capture
be	leave
be	send
be	suppose
be	center
be	give
be	suppress
be	lose
be	bring
be	address
be	schedule
be	bundle
be	release
be	cancel
be	follow
be	assail
be	show
be	change
be	sentence
be	give
be	fund
be	persuade
be	call
be	create
be	notch
be	limit
be	sign
be	find
be	experience
be	see
be	ease
be	reach
be	force
be	photograph
be	charge
be	share
be	blow
be	adopt
be	distribute
be	complete
be	force
be	shoot
be	reduce
be	shoot
be	show
be	burgle
be	win
be	damage
be	kill
be	bear
be	charge
be	involve
be	force
be	complicate
be	diagnose
be	trade
be	see
be	examine
be	depict
be	write
be	sing
be	nickname
be	find
be	infect
be	launch
be	confirm
be	issue
be	authorize
be	limit
be	cause
be	hit
be	report
be	hear
be	arrest
be	entitle
be	take
be	base
be	do
be	know
be	do
be	disgust
be	allow
be	break
be	feature
be	involve
be	involve
be	appoint
be	rate
be	present
be	accuse
be	report
been	suggest
be	suspect
be	defeat
be	daub
be	deny
be	attack
be	threaten
be	ban
be	attend
be	strike
be	recall
be	rush
be	sentence
be	shape
be	name
be	hold
be	cancel
be	learn
be	bring
be	detect
be	talk
be	give
be	tell
be	raise
be	attack
be	say
be	imperil
be	allege
be	see
be	waste
be	elevate
be	release
be	believe
be	approach
be	launch
be	report
be	follow
be	attenuate
be	propose
be	need
be	tell
be	say
be	announce
be	move
be	relate
be	link
be	launch
be	lose
be	cancel
be	possess
be	note
be	elevate
be	address
be	need
be	permit
be	make
be	sketch
be	recreate
be	end
be	write
be	donate
be	take
be	concern
be	focus
be	ensure
be	quote
be	patch
’s	hurt
be	be
be	carry
be	lay
’s	be
be	be
’s	be
be	publish
’s	be
be	destine
be	challenge
be	see
be	equip
be	report
be	handle
be	lecture
be	mention
be	note
be	train
be	injure
be	know
be	link
be	threaten
be	find
be	lose
be	take
be	commission
be	broadcast
be	create
be	send
be	understand
be	transport
’s	understand
be	order
be	test
be	wake
’s	be
be	start
got	reward
be	adjourn
be	overprice
be	agree
be	need
be	require
be	allege
be	find
be	allege
be	find
be	make
be	confirm
be	confirm
be	consider
be	recommend
be	give
be	reveal
be	sing
be	sing
get	use
get	use
be	plan
be	spare
be	anticipate
be	own
be	involve
be	approve
be	approve
be	perceive
be	design
be	reach
be	do
be	base
be	base
be	bill
be	use
be	bring
be	build
be	celebrate
be	cite
be	confirm
be	create
be	dedicated
be	determine
be	develop
be	clump
be	discover
be	announce
be	expect
be	report
be	expect
be	expect
be	explain
be	control
be	explain
be	file
be	announce
be	trade
be	find
be	find
be	do
be	gather
be	declare
be	handle
be	hold
be	call
be	hit
be	think
be	birth
be	call
be	amend
be	determined
be	rebrande
be	rebrande
be	learn
be	lead
be	make
be	waste
be	find
be	name
be	ascertain
be	know
be	represent
be	know
be	log
be	put
be	shock
be	marry
be	observe
be	permit
be	sell
be	post
be	schedule
be	delay
be	write
be	paint
be	inject
be	inspire
be	report
be	arrest
be	report
be	stop
be	recall
be	recreate
be	report
be	exhaust
be	report
be	report
be	kidnap
be	reveal
be	reveal
be	poison
be	say
be	see
be	see
be	send
be	share
be	shower
be	show
be	slip
be	surface
be	ram
be	identify
be	sell
be	sell
be	confirm
be	steep
be	spot
be	follow
be	start
be	sing
be	suppose
be	catch
be	terminate
be	kill
be	sideline
be	protect
be	drive
be	use
be	hold
be	sweep
becoming	damage
be	hold
be	demolish
be	tow
be	support
be	target
be	update
be	extend
be	rumour
be	bring
be	miss
be	recall
be	undertake
be	sack
be	space
be	transfer
be	recall
be	give
be	halt
be	postpone
be	suppose
be	disclose
be	post
be	tell
be	shut
became	embroil
be	cooked
be	set
be	cancel
be	amuse
get	rape
be	assign
be	take
’m	lock
be	hear
be	bear
be	bear
be	bear
be	bear
be	compel
be	convict
be	cover
be	cover
be	diagnose
be	diagnose
be	count
be	report
be	disturb
be	elect
be	floor
be	give
be	rush
be	head
get	push
be	inspire
be	introduce
be	leave
be	end
be	leave
’s	get
be	move
be	move
be	offer
be	appoint
be	select
be	release
be	obsess
be	message
be	quote
be	put
be	raise
be	tell
’re	educate
be	suppose
be	take
be	throw
be	tell
be	consider
be	bear
be	change
be	honor
be	place
be	divorce
be	mention
be	attend
be	bear
be	take
be	catch
be	put
be	sideline
be	declare
be	appoint
be	send
be	know
be	hurt
be	shock
be	charge
be	occasion
be	confirm
be	invest
be	bug
be	marry
be	name
be	renew
be	suspend
be	kick
be	release
be	bear
be	recruit
be	consider
be	abduct
be	sign
be	elect
be	heat
be	relate
be	conceive
be	strand
be	affect
be	fix
be	throw
be	enrol
be	allow
be	expect
be	elect
be	set
be	challenge
be	indict
be	bear
be	precede
be	upgrade
be	witness
be	oust
be	kill
be	bear
be	unoppose
be	spray
be	tell
be	shoot
be	report
be	find
be	laud
be	go
be	pronounce
be	do
be	confirm
be	lose
be	stage
be	determined
be	propose
be	post
be	see
be	arrest
be	survey
be	conduct
be	throw
be	let
be	leave
be	catch
be	ostracise
be	catch
be	arrest
be	trade
be	sentence
be	advise
be	expect
be	show
be	reinstate
be	set
be	charge
be	tear
be	ask
be	found
be	present
be	ask
be	set
be	see
be	strike
be	employ
be	require
be	concerned
be	announce
be	read
be	exclude
be	murder
be	twist
be	accuse
be	display
be	offer
be	set
be	honour
be	like
be	found
be	abandon
be	identify
be	rename
be	kill
be	announce
be	set
be	bear
be	lose
be	diagnose
be	do
be	stream
be	publish
be	praise
be	release
be	name
be	kill
be	suppose
be	report
be	prepone
be	report
be	allow
be	promote
be	kill
be	slap
be	replace
be	threaten
be	tell
be	require
be	kill
be	strike
be	reach
be	express
be	report
be	publish
be	complete
be	allege
be	allege
be	dampen
be	appoint
be	arrest
be	call
be	believe
be	see
be	rescue
be	expect
be	injure
be	return
be	spot
be	announce
be	appoint
be	marry
be	arrest
be	arrest
be	secrete
be	spur
be	snub
be	dissatisfied
be	choose
be	support
be	deny
be	involve
be	join
be	mark
be	sell
be	bear
be	find
be	close
be	see
be	injure
be	put
be	write
be	perform
be	take
be	impact
be	force
be	infect
be	design
be	accuse
be	integrate
be	design
be	convict
be	power
be	involve
be	ask
be	form
be	play
be	release
be	handle
be	note
be	take
be	indict
be	write
be	arrest
be	make
be	treat
be	name
be	name
be	arrest
be	overcome
be	hatch
be	stop
be	find
be	bear
be	raise
be	force
be	leak
be	find
be	elect
be	damage
be	sentence
be	give
be	lace
be	free
be	identify
get	pick
be	accuse
be	tighten
be	book
be	arrest
be	find
be	bear
be	pay
be	start
be	close
be	deny
be	echo
be	force
be	swear
be	accost
be	allot
be	give
be	call
be	catch
be	feel
be	sign
be	catch
be	take
be	use
be	load
be	escort
be	lay
be	shoot
be	compel
be	consider
be	bear
be	rush
be	bear
be	interview
be	indict
be	tell
be	place
be	involve
be	turn
be	introduce
be	bear
be	declare
be	depose
be	detain
be	bear
be	schedule
be	sack
get	involve
be	disqualify
be	arrest
be	publish
be	rattle
be	bear
be	make
be	deadlocke
be	return
be	direct
be	mean
be	hold
be	carjack
be	discover
be	praise
be	stain
be	infect
be	set
be	shoot
be	blame
be	gather
be	dismiss
be	put
be	state
be	reject
be	arrest
be	throw
be	hold
be	stream
be	name
be	hold
be	hold
be	represent
be	represent
be	kill
be	identify
be	post
be	link
be	give
be	trade
be	thrill
be	reinveste
be	found
be	riddle
be	give
be	hold
be	catch
be	shoot
be	find
be	allow
be	promote
be	promote
be	leave
be	tell
be	kill
be	know
get	use
be	burn
be	pick
be	figure
be	describe
be	pace
be	bury
be	pull
be	treat
be	trade
be	vote
be	murder
be	bear
be	allege
be	force
be	tell
be	extort
be	initiate
be	add
be	find
be	engulf
be	question
be	shock
be	appal
be	impose
be	rape
be	submit
be	choose
be	spend
be	hold
be	raise
be	find
be	find
be	intend
be	donate
be	bear
be	pique
be	unlocked
be	formalise
be	target
be	elect
be	employ
be	slap
be	reach
be	justify
be	find
be	handcuff
be	award
be	charge
got	marry
be	move
be	expect
be	select
be	jail
be	nominate
be	imprison
be	make
be	do
be	paralyse
be	admit
be	test
be	gun
be	elect
be	precede
be	found
be	ground
be	turn
be	employ
be	send
be	describe
be	pay
be	eject
be	recommend
be	base
be	replace
be	carry
be	like
be	poise
be	give
be	welcome
be	introduce
be	remove
be	bear
be	lead
be	issue
be	force
be	wind
be	treat
be	instal
be	break
be	direct
be	oust
be	predict
be	allow
be	shake
be	select
be	arrest
be	arrest
be	place
be	call
be	accompany
be	elect
be	reinstate
be	award
be	teach
be	gash
be	use
be	spark
be	occupy
be	sign
be	aim
be	achieve
be	slaughter
be	respect
became	licensed
be	bear
be	see
be	call
be	precede
be	trade
be	arrest
be	clear
be	tell
be	serve
be	devastate
be	handicapped
be	motivate
be	report
be	find
be	value
be	flip
be	attach
be	spot
be	want
be	take
be	hospitalise
be	issue
be	sentence
be	aim
be	require
be	make
be	ask
be	found
be	promise
be	order
be	cut
be	confirm
be	meet
be	meet
be	negotiate
be	introduce
be	throw
be	draft
be	see
be	detect
be	shoot
be	trade
be	show
be	arrest
be	confirm
be	give
be	arrest
be	hoist
be	dismiss
’s	mutate
be	cite
be	bring
be	cite
be	report
be	pay
be	find
be	give
be	allow
be	restrict
be	swear
be	give
be	report
be	retire
be	touch
be	report
be	use
be	build
be	hit
be	hurt
be	injure
be	release
be	track
be	stop
be	use
be	put
be	take
be	assign
be	prevent
be	ban
be	release
be	see
be	raise
be	ignore
be	report
be	report
be	remember
be	hold
be	discover
be	list
be	make
be	mask
be	leave
be	tell
be	lift
be	exile
be	marry
be	fight
be	establish
be	establish
be	establish
be	injure
be	advise
be	notify
be	report
be	call
be	disqualify
be	fire
be	block
be	ruin
be	name
be	rob
be	shoot
be	know
be	believe
be	see
be	shoot
be	see
be	find
be	take
be	cause
be	add
be	plan
be	find
be	mitigate
be	accuse
be	represent
be	zone
be	do
be	kill
be	do
be	arrest
be	hold
be	arraign
be	bear
be	decline
be	smash
be	set
be	arrest
be	announce
be	describe
be	check
be	maintain
be	meet
be	inform
be	clear
be	bring
be	ruin
be	source
be	do
be	vandalise
be	readmitte
be	drain
be	stabilise
be	sound
be	order
be	call
be	check
be	target
be	shoot
be	direct
be	institute
be	do
be	lay
be	tell
be	give
be	fill
be	place
be	go
be	watch
be	introduce
be	remove
be	steal
be	bear
be	load
be	arrest
be	injure
be	take
be	recover
be	appoint
be	restore
be	kill
be	quarantine
be	kill
be	identify
be	grant
be	clock
be	join
be	precede
be	report
be	take
be	bring
be	kill
be	transport
be	take
be	take
be	put
be	halt
be	set
be	kill
be	injure
be	take
be	involve
be	trace
be	kill
be	wound
be	shoot
be	treat
be	take
be	cut
be	task
be	kill
be	wound
be	arrest
be	identify
be	commission
be	publish
be	bring
be	make
be	deliver
be	kill
be	record
be	enforce
be	delay
be	mark
be	promote
be	arrest
be	cancel
be	convict
be	find
be	film
be	find
be	sweep
be	ring
be	offer
be	set
be	reward
be	sweep
be	reopen
be	frustrate
be	release
be	depose
be	celebrate
be	design
be	recover
be	release
be	include
be	recognise
be	bring
be	see
be	create
’s	make
be	mean
be	give
be	devote
be	hit
be	make
be	see
be	give
be	slate
be	save
be	inspire
be	cancel
be	arrest
be	arrest
be	establish
be	pass
be	recognize
be	expect
be	set
be	skim
be	skim
be	use
be	include
be	seperate
be	write
be	shoot
be	need
be	isolate
be	draw
be	found
be	know
be	name
be	heartbroken
be	establish
be	elect
be	bear
be	train
be	hire
be	see
be	spend
be	prepared
be	lose
be	take
be	build
be	inspire
be	threaten
be	represent
be	contact
be	receive
be	suspend
be	award
be	injure
be	make
be	survive
be	bear
be	fight
be	steal
be	bear
be	incarcerate
be	designate
be	acquire
be	name
be	test
be	infect
be	give
’m	bless
be	say
be	wait
be	cheat
be	criticize
be	name
be	order
be	found
be	headquarter
be	know
be	kick
be	discover
be	overlook
be	stab
be	convert
be	vote
be	trade
be	describe
be	make
be	gun
be	consider
be	take
be	shoot
be	weave
got	deliver
be	suspend
be	name
be	touch
be	pair
be	test
be	order
be	wipe
be	place
be	send
be	see
be	think
be	involve
be	want
be	bear
be	expect
be	find
be	kill
be	rush
be	cause
be	initiate
be	form
be	find
be	shoot
be	arrest
be	receive
be	believe
be	knock
be	catch
’s	hear
be	account
be	obtain
be	shoot
be	see
be	report
be	spark
be	help
be	reassign
be	appoint
be	ensconce
be	conduct
be	gun
be	overcome
be	share
be	diagnose
be	spoil
be	introduce
be	elect
be	do
be	urge
be	find
be	mean
be	arrest
be	ask
be	make
be	read
be	give
be	bear
be	tell
getting	make
be	store
be	elect
be	convict
be	make
be	report
be	increase
be	leave
be	involve
be	revise
be	give
be	name
be	publish
be	say
be	launch
be	start
be	steal
be	allow
be	take
be	evacuate
be	kill
be	report
be	shut
be	see
be	confiscate
be	consider
be	tell
be	infect
be	refuse
be	skip
be	convict
be	set
be	release
be	give
be	find
be	know
be	distressed
be	trade
be	injure
be	hit
be	countermand
be	burn
be	pronounce
be	engage
be	lift
be	take
be	push
be	pronounce
be	steal
be	see
be	praise
be	rush
be	describe
be	crash
be	neglect
be	arrest
be	capture
be	pay
be	hold
be	donate
be	award
’s	live
be	impress
be	involve
be	bind
be	know
be	attack
be	record
be	force
be	delay
be	force
be	crowd
be	injure
be	use
be	come
be	lead
be	take
be	take
be	adopt
be	quote
be	forecast
be	predict
be	found
be	headquarter
be	bear
be	precede
be	name
be	grant
be	pick
be	give
be	assault
be	focusse
be	spin
be	extend
be	sack
be	charge
be	make
getting	engage
be	cut
be	mentor
be	find
be	sentence
be	write
be	write
be	love
be	test
be	draft
be	deal
be	bear
gets	harvest
be	use
be	convert
be	notify
be	charge
be	release
be	select
be	find
be	change
be	charge
be	request
be	picture
be	discover
be	cut
be	nickname
be	charge
be	give
be	link
be	kill
be	hit
be	book
be	bring
be	test
be	infect
be	indict
be	take
be	ask
be	mention
be	award
be	arrest
be	name
be	postpone
be	shoot
be	injure
be	request
be	wash
be	visit
be	murder
be	find
be	prohibit
be	bear
be	close
be	extend
be	require
be	build
be	granfathere
be	leave
gets	weave
be	restrain
be	consider
be	contest
be	expose
be	report
be	free
be	prove
be	hook
be	give
be	give
be	make
be	disturb
be	excited
be	drag
be	hurt
be	do
be	test
be	eject
be	deport
be	accept
be	tell
be	interview
be	shoot
be	take
be	think
be	blame
be	mention
be	award
be	send
be	allow
be	expect
be	prorate
be	find
be	buy
be	rechristene
be	breach
be	report
be	take
be	find
be	leave
be	shoot
be	choose
be	force
be	require
be	issue
be	post
be	tell
get	marry
be	book
be	take
be	lock
be	receive
be	pull
be	schedule
be	shut
be	find
be	bring
be	hide
be	base
be	see
be	raise
be	involve
be	found
be	set
be	tell
be	waive
be	revoke
be	accuse
be	block
be	concern
be	ask
be	include
getting	frustrate
be	cancel
be	fill
be	strike
be	take
be	take
be	decimate
be	take
be	leave
be	fix
be	release
be	complete
be	carry
be	launch
be	spend
’s	attach
be	force
be	see
be	relate
be	keep
be	saddle
be	advise
be	decide
be	involve
be	see
be	appoint
be	love
be	bear
be	bear
be	bear
be	bear
be	bear
be	bear
be	bear
be	bear
be	bear
be	bear
be	charge
be	clobber
be	clothe
be	accompany
be	confirm
be	ward
be	employ
be	employ
be	ensnare
be	expel
be	find
be	surprise
be	give
be	head
be	expect
be	take
be	harvest
be	pronounce
be	invite
be	join
be	see
be	see
be	kill
be	murder
be	allow
be	find
be	offer
be	offer
be	deny
be	order
be	precede
be	precede
be	predecease
be	predecease
be	predecease
be	hold
be	pull
got	use
be	quote
be	rearreste
be	rush
be	expect
got	hit
be	take
be	untie
be	take
be	elect
be	throw
be	tell
be	transport
be	rush
be	ask
be	grant
be	establish
be	diagnose
be	issue
be	establish
be	post
be	sentence
be	hold
be	collect
be	find
be	publish
be	film
be	decide
be	make
be	report
be	praise
be	shoot
be	know
be	post
be	view
be	like
be	gutte
be	shutter
be	abduct
be	hear
be	find
be	bring
be	deny
be	shoot
be	consider
be	find
be	nominate
be	publish
be	expose
be	raid
be	force
be	analyze
be	gift
be	nominate
be	complete
be	make
be	place
be	believe
be	edge
be	see
be	compromise
be	infect
be	name
be	quote
be	view
be	mean
be	transfer
be	award
be	raise
be	buy
be	release
be	put
be	bear
be	raise
be	gather
be	screen
be	allow
be	create
be	refuse
be	find
be	add
be	bring
be	hit
be	ground
be	reinstate
be	stream
be	use
be	hamper
be	allow
be	dwarf
be	present
be	cause
be	base
be	follow
be	suppose
be	give
be	discover
be	link
be	do
be	take
be	inform
be	say
be	concern
be	wash
be	find
be	shoot
be	schedule
be	announce
be	draft
be	join
be	prepare
be	lead
be	sign
be	launch
be	construct
be	discharge
be	test
be	neglect
be	finish
be	defeat
be	quote
be	know
be	remove
be	show
be	create
be	dispose
be	injure
be	introduce
be	force
be	develop
be	destroy
be	stream
be	murder
be	base
be	adjust
be	bear
be	ground
be	produce
be	ask
be	catch
be	sue
be	use
be	kill
be	rescue
be	call
be	open
be	justify
be	assume
be	elect
be	muffle
be	catch
be	bear
be	activate
be	find
be	set
be	publish
be	call
be	drive
be	approve
be	kill
be	admit
be	see
be	pay
be	employ
be	craze
be	give
be	find
be	block
be	strike
be	drive
be	direct
be	kill
be	attend
be	know
be	implement
be	save
be	accuse
be	schedule
be	postpone
be	rush
be	kill
be	shoot
be	sentence
be	base
be	disappoint
be	eliminate
be	create
be	postpone
be	arrest
be	fill
be	acquire
be	arrest
be	criticise
be	force
be	lay
be	fix
be	make
be	injure
be	hurt
be	graze
be	reach
be	release
be	introduce
be	abduct
be	fly
be	sack
be	bomb
be	tie
be	identify
be	tell
be	remove
be	overturn
be	expect
got	cancel
be	draw
be	discuss
be	warn
be	snatch
be	quote
be	follow
be	shortlive
be	send
be	find
be	shape
be	set
be	ignore
be	crack
be	pan
be	answer
be	write
be	offer
be	divert
be	adopt
be	tell
be	expect
be	share
be	deem
be	second
be	aid
be	bill
be	design
be	follow
’s	get
be	throw
be	allow
be	cancel
be	criticize
be	bring
be	pay
be	find
be	rape
be	embroil
be	sweep
be	airlift
be	confirm
be	relegate
be	apllie
be	design
be	pass
be	delay
be	suppose
be	set
be	shift
be	deck
be	hospitalize
be	involve
be	hold
be	accuse
be	discover
be	see
be	put
be	charge
be	find
be	discharge
be	jail
be	trigger
be	see
be	suppose
be	elect
be	pay
be	hoist
be	damage
be	establish
be	award
be	raise
be	base
be	believe
be	hold
be	use
be	retrieve
be	close
be	film
be	destroy
be	purport
be	see
be	mean
be	see
be	prompt
be	develop
be	assure
be	look
be	film
be	include
be	disclose
be	suppose
be	put
be	perceive
be	lead
be	make
be	release
be	slate
be	kill
be	scrap
be	capture
be	send
be	inaugurate
be	sign
be	pick
be	make
be	make
be	make
be	make
be	allege
be	send
be	issue
be	base
be	expect
be	mention
be	inform
be	join
be	hear
be	halt
be	follow
be	give
be	develop
be	evacuate
be	suppose
be	enter
be	bear
be	shoot
be	hit
be	classify
be	cover
be	capture
be	repulse
be	conduct
be	avail
be	take
be	build
be	name
be	execute
be	take
be	grant
be	spark
be	change
be	initiate
be	extend
be	bill
be	notify
be	shoot
be	introduce
be	bring
be	mark
be	contain
be	intend
be	tie
be	axe
be	withdraw
be	slice
be	discover
be	hit
be	activate
be	publish
be	scrutinise
becomes	adopt
be	reject
be	populate
be	establish
be	bring
be	charge
be	damage
be	find
be	take
be	shift
be	discover
be	recover
be	confirm
be	bear
be	announce
be	confirm
be	publish
be	ban
be	reissue
be	give
be	hit
be	stabilize
be	train
be	sadden
be	send
be	know
be	damage
be	injure
be	write
be	know
be	pay
be	pay
be	pay
be	force
be	torch
be	buy
be	create
be	state
be	reject
be	fund
be	take
be	set
be	scratch
be	mark
be	do
be	arrest
be	host
be	involve
be	discover
be	register
be	file
be	reveal
be	fight
be	prescribe
be	include
be	rank
be	exchange
be	combine
be	locate
be	cover
be	grow
be	suppose
be	obtain
be	measure
be	lift
be	make
be	present
be	frame
be	pass
be	award
be	pull
be	appoint
be	send
be	strike
be	certify
be	find
be	sweep
be	build
be	postpone
be	criticize
be	arrest
be	make
be	make
be	make
be	share
be	post
be	meet
be	confront
be	put
be	portray
be	ask
be	spark
be	set
be	pronounce
be	investigate
be	assist
be	report
be	think
be	build
be	convert
be	support
be	move
be	bear
be	register
be	task
be	stop
be	remove
be	sign
be	pay
be	achieve
be	create
be	know
be	found
be	headquarter
be	lay
be	convert
be	jail
be	resolve
be	convey
be	voice
be	amend
be	make
be	approve
be	anticipate
be	cap
be	renovate
be	establish
be	use
be	use
be	contact
be	tell
get	marry
be	report
be	pack
be	find
be	propose
be	tell
be	put
be	show
be	force
be	announce
be	change
be	give
be	shoot
be	request
be	litter
be	bear
be	watch
be	cuddle
be	finance
be	arrest
be	carry
be	track
be	arrest
be	report
be	register
be	throw
be	compensate
be	portray
be	take
be	draw
be	postpone
be	revoke
be	bifurcate
be	broker
be	rule
be	condole
be	consider
be	add
be	make
be	leave
be	shut
be	make
be	confirm
be	make
be	grant
be	make
be	base
be	make
be	take
be	extend
be	take
be	take
be	take
be	sign
be	reflect
be	drive
be	extend
be	schedule
be	cancel
be	politicize
be	approve
be	convince
be	demolish
be	remove
be	learn
be	introduce
be	suppose
be	spark
be	instal
be	issue
be	incorporate
be	find
be	report
be	cause
be	distribute
be	join
be	tag
be	arrest
be	charge
be	describe
be	injure
be	treat
be	airlift
be	injure
be	pronounce
be	pronounce
be	identify
be	apprehend
be	trap
be	name
be	release
be	test
be	find
be	see
be	administer
be	hospitalize
be	ask
be	find
be	serve
be	prepare
be	pinpoint
be	see
be	announce
be	know
be	make
be	make
be	divert
be	inform
be	hold
be	write
be	use
be	indict
be	ask
be	finalize
be	tell
be	suspend
be	cap
be	cover
be	manage
be	disinfect
be	discharge
be	shoot
be	divide
be	do
be	submit
be	capture
be	intend
be	pull
be	support
be	note
be	make
be	establish
be	start
be	attend
be	attend
be	hold
gets	pull
be	host
be	confirm
be	organise
be	organize
be	sponsor
be	attend
be	bill
be	add
be	base
be	schedule
be	redact
be	name
be	test
be	record
be	publish
be	notify
be	launch
got	collect
be	involve
be	shoot
be	hospitalize
be	give
be	involve
be	leave
be	announce
be	build
be	say
be	replace
be	force
be	force
be	report
be	run
be	initiate
be	lift
be	witness
be	halt
be	release
be	hold
be	approve
be	call
be	call
be	build
be	set
be	extinguish
be	complete
be	wear
be	start
be	host
be	report
be	detect
be	cost
be	lead
be	hold
be	take
be	propose
be	build
be	choose
be	post
be	discover
be	title
be	lodge
be	register
be	found
be	advertise
be	tape
be	expel
be	air
be	film
be	share
be	give
be	disperse
be	take
be	create
be	betroth
be	kill
be	assault
be	force
be	accuse
be	return
be	hold
be	sponsor
be	pull
be	treat
be	market
be	discover
be	grant
be	announce
be	reveal
be	surprised
be	bury
be	unearth
be	replay
be	revive
be	deny
be	surprise
be	achieve
be	find
be	admit
be	shift
be	consider
be	design
be	know
be	chair
be	tell
be	devastate
be	criticise
be	cause
be	make
be	book
be	put
be	mock
be	make
be	identify
be	charge
be	locate
be	escort
be	close
be	wash
be	issue
be	term
be	throw
be	consider
be	chase
be	closed
be	block
be	develop
be	publish
be	pick
be	construct
be	allege
be	introduce
be	entertain
be	send
be	grant
be	hold
be	go
be	use
be	affect
be	contact
be	post
be	take
be	feel
be	feel
be	follow
be	brand
be	brand
be	capture
be	resolve
be	report
be	report
be	add
be	deny
be	expect
be	take
be	tow
be	slate
be	arrest
be	identify
be	ban
be	provide
be	help
be	rush
be	establish
get	publish
be	complete
be	modify
be	publish
be	create
be	tape
be	change
be	trace
be	classify
be	conduct
be	implement
be	pull
be	pronounce
be	call
be	cancel
be	order
be	call
be	kill
be	release
be	sneak
be	estimate
be	report
be	overhear
be	move
be	push
be	test
be	test
be	derive
be	pack
be	declare
be	contain
be	donate
be	evacuate
be	estimate
be	find
be	suppose
be	push
be	sign
be	declare
be	fire
be	hold
be	transact
be	attend
be	reopen
be	run
be	run
be	settle
be	interview
be	release
be	knock
be	base
be	deal
’s	go
be	agree
be	suppose
be	amputate
be	carry
be	sign
be	address
be	send
be	make
be	review
be	left
be	fine
be	ban
be	open
be	lift
be	extend
be	do
be	say
be	complete
be	leave
be	shut
be	approve
be	envelop
be	set
be	target
be	diagnose
be	undertake
be	suppose
be	identify
be	execute
be	sign
be	take
be	strike
be	take
be	chase
be	stress
be	delay
be	ambush
be	arrest
be	arrest
be	convict
be	fine
be	sentence
be	take
be	take
be	take
be	trouble
be	believe
be	murder
be	find
be	find
be	think
be	stab
be	dress
be	organize
be	involve
be	fly
be	postpone
be	place
be	set
be	unearth
be	discuss
be	agree
be	report
be	conduct
be	report
be	see
be	introduce
be	study
be	exclude
be	screen
be	allow
be	do
be	tase
be	close
be	give
be	kick
be	attend
be	send
be	rape
be	deliver
be	clear
be	credit
be	change
be	earmark
be	transform
be	source
be	find
be	open
be	submit
be	infect
be	identify
be	accompany
be	reflect
be	bear
be	throw
be	mean
be	accept
be	divert
be	raise
be	evaluate
be	present
be	rush
be	know
be	lambaste
be	criticise
be	welcome
be	welcome
be	doom
be	mark
be	expect
be	see
be	delay
be	premiere
be	produce
be	pack
be	advertise
be	write
be	believe
be	build
be	curse
be	accept
be	give
be	coin
be	create
be	postpone
be	misdiagnose
be	drop
’s	suppose
be	take
be	force
be	announce
be	slate
be	introduce
be	confirm
be	confirm
be	call
be	dream
be	authenticate
be	pay
be	say
be	restrict
be	meet
be	receive
be	make
be	introduce
be	meet
be	find
be	chair
be	play
be	place
be	disconnect
be	cut
be	pick
be	cast
be	invite
be	unveil
be	know
be	go
be	do
be	push
be	say
be	flush
be	use
be	sign
be	issue
be	spotlight
be	throw
be	give
be	draft
be	coach
be	reduce
be	stand
be	suspend
be	tell
be	use
be	advertise
be	dispatch
be	base
be	seal
be	establish
be	bind
be	renew
be	identify
be	know
be	roll
be	do
be	prescribe
be	place
be	close
be	force
was	organise
be	leave
be	spot
be	factor
be	hold
be	open
be	cut
be	release
be	charge
be	record
be	win
be	hit
be	pull
be	report
be	cause
be	take
be	advise
be	publish
be	donate
be	protect
be	marry
be	document
be	spend
be	form
be	dispute
be	eject
be	take
be	perform
be	grant
be	collect
be	treat
be	transport
be	cancel
be	team
be	strike
be	hold
be	release
be	outscore
be	sideline
be	mention
be	bury
be	find
be	bestow
be	force
be	remove
be	tease
be	make
be	take
be	pull
be	take
be	capture
be	add
be	take
be	donate
be	set
be	rededicate
be	operate
be	front
be	bind
be	see
be	inspire
be	perform
be	stop
be	file
be	permit
be	put
be	shoot
be	prepare
be	elect
be	elect
be	take
be	create
be	share
be	share
be	hold
be	ask
be	cause
be	house
be	hold
be	photograph
be	decide
be	rig
be	generate
be	set
be	complete
be	see
be	apprise
be	summon
be	found
be	order
be	make
be	found
be	suppose
be	offer
be	tell
be	cap
be	pitch
be	sell
be	cut
be	convey
be	endorse
be	pass
be	introduce
be	set
be	eject
be	conduct
be	represent
be	know
be	convict
be	cancel
be	close
be	shift
be	aim
be	contain
be	put
be	design
be	hit
be	design
be	schedule
be	schedule
be	win
be	present
be	carry
be	organize
be	infect
be	believe
be	do
be	hospitalize
be	monitor
be	approve
be	see
be	do
be	hold
be	give
be	found
be	shut
be	deal
be	offer
be	establish
be	involve
be	damage
be	renew
be	shelve
be	name
be	report
be	block
be	impose
be	kill
be	extinguish
be	bear
be	wrong
be	sell
be	sign
be	present
be	criticize
be	serve
be	delay
be	withhold
be	publish
be	confuse
be	compile
be	conduct
be	forward
be	be
be	order
be	prescribe
be	trigger
be	pick
be	know
be	approve
be	invite
be	design
be	carry
be	accompany
be	fine
be	copy
be	achieve
be	disclose
be	announce
be	post
be	ground
be	fire
be	call
be	listen
be	do
be	put
be	play
be	show
be	consummate
be	rebuff
be	treat
be	declare
be	cancel
be	publish
be	affect
be	hold
be	arrest
be	think
be	ask
be	open
be	invite
be	tell
be	add
be	persuade
be	set
be	praise
be	finalize
be	refuse
be	use
be	expect
be	say
be	push
be	found
be	clear
be	incorporate
be	do
be	award
be	extend
be	tie
be	select
be	expect
be	complete
be	grant
be	find
be	train
be	record
be	affect
be	accompany
be	initiate
be	list
be	find
be	stock
be	base
be	announce
be	implement
be	aim
be	hijack
be	abduct
be	release
be	meet
be	threaten
be	film
be	see
be	hold
be	conduct
be	adjourn
be	design
be	build
be	describe
be	view
be	contact
be	locate
be	divide
be	outfit
be	plan
be	enact
be	shoot
be	host
be	post
be	film
be	lose
be	hospitalize
be	write
be	desert
be	dismember
be	find
be	find
be	ask
be	involve
be	release
be	do
be	release
be	write
be	praise
be	form
be	lead
be	see
be	set
be	find
be	auction
be	pretape
be	slate
be	arm
be	manufacture
be	form
be	conclude
be	discover
be	release
be	engage
be	involve
be	transfer
be	adopt
be	remove
be	adapt
be	acquire
be	acquire
be	buy
be	change
be	purchase
be	purchase
be	sell
be	sell
be	sell
be	sell
be	sell
be	sell
be	sell
be	fly
be	treat
be	name
be	carry
be	feel
be	fund
be	take
be	make
be	dismiss
be	render
be	file
be	dominate
be	hold
be	rape
be	administer
be	commission
be	fund
be	design
be	use
be	conduct
be	describe
be	detain
be	spot
be	apprehend
be	see
be	transfer
be	capture
be	direct
be	order
be	grease
be	develop
be	acquire
be	form
be	post
be	call
be	find
be	slate
be	accompany
be	deploy
be	make
be	create
be	kill
be	charge
be	force
be	punch
be	injure
be	announce
be	shoot
be	surround
be	reach
be	perform
be	cancel
be	build
be	rename
be	inspire
be	imagine
be	create
be	involve
be	convert
be	take
be	stop
be	suspend
be	affect
be	force
be	hide
be	slate
be	delay
be	strike
be	entrust
be	find
be	reimburse
be	issue
be	quiz
be	reduce
be	overwhelm
be	mean
be	delete
be	send
be	level
be	plant
be	consider
be	follow
be	confirm
be	elect
be	reassure
be	protect
be	declare
be	confirm
be	create
be	upload
be	move
be	record
be	see
be	reiterate
be	ban
be	make
be	find
be	give
be	use
be	park
be	take
be	change
be	reveal
be	catch
be	destroy
be	exhaust
be	attack
be	identify
be	airlift
be	take
be	take
be	treat
be	identify
be	kill
be	drive
be	flood
be	film
be	create
be	set
be	share
be	make
be	share
be	share
be	shoot
be	post
be	caption
be	take
be	tell
be	tweet
be	purchase
be	slate
be	need
be	overhear
be	develop
be	spot
be	release
be	issue
be	describe
be	feature
be	lead
be	report
be	carry
be	perfect
be	inform
be	consider
be	build
be	pay
be	play
be	overpower
be	declare
be	examine
be	relieve
be	diagnose
be	hold
be	found
be	drive
be	reveal
be	steal
be	snap
be	send
be	create
be	diagnose
be	wire
be	give
be	overheat
be	hold
be	deport
’re	overwork
be	find
be	announce
be	gun
be	patrol
be	provide
be	offer
be	break
be	bear
be	transport
be	talente
be	give
be	seize
be	execute
be	transport
be	raise
be	book
be	postpone
be	consider
be	kick
be	leave
be	describe
be	inform
be	entitle
be	dust
be	consider
be	control
be	invent
be	adapt
be	publish
be	publish
be	publish
be	reprint
be	translate
be	update
be	write
be	crowd
be	conduct
be	make
be	stick
be	rubbish
be	pass
be	identify
be	direct
be	base
be	publish
be	publish
be	rig
’s	warn
be	do
be	hit
be	impose
be	reach
be	recommend
be	post
be	file
be	post
be	file
be	announce
be	conceive
be	set
be	put
be	inspect
be	receive
be	file
be	build
be	do
be	leave
be	kill
be	give
be	treat
be	design
be	seed
be	build
be	determine
be	see
be	allow
be	adopt
be	complete
be	bear
be	say
be	bring
be	offer
be	put
be	cremate
be	compromise
be	let
be	watch
be	target
be	embed
be	fuse
be	direct
be	plan
be	suppose
be	do
be	carry
be	bring
be	put
be	support
be	put
be	create
be	shut
be	adjust
be	intend
be	speak
be	publish
be	publish
be	generate
be	publish
be	design
be	deploy
be	send
be	require
be	publish
be	publish
be	limit
be	need
be	pin
be	disrupted
get	scramble
be	find
be	feed
be	describe
be	achieve
be	aggravate
be	protect
be	answer
be	prove
be	ignite
be	blame
be	convey
be	contain
be	contain
be	intend
be	design
be	disclose
be	disclose
be	disclose
be	disclose
be	do
’s	continue
be	do
be	follow
be	follow
be	follow
be	follow
be	follow
be	give
be	make
’re	lock
be	commit
be	necessitate
be	meet
be	intend
be	offset
be	precede
be	bar
be	say
be	schedule
be	start
be	launch
be	prevent
be	eliminate
be	call
be	pick
be	pay
be	affiliate
be	nominate
be	design
be	hold
be	reduce
be	suppose
be	hold
be	delay
’s	ask
be	grant
be	bear
be	develop
be	postpone
be	snub
be	coerce
be	catch
be	attribute
be	extend
be	assure
be	move
be	cancel
be	allow
be	close
be	limit
be	harm
be	wrap
be	disclose
be	remove
be	project
be	schedule
be	achieve
be	reveal
be	cancel
be	report
be	enfold
be	confirm
be	suppose
be	tax
be	conduct
be	sentence
be	strike
be	release
be	name
be	join
be	need
be	bear
be	sign
be	haunt
be	introduce
be	discover
be	hold
be	develop
be	carry
’s	be
be	pull
be	uphold
be	assault
be	walk
be	jail
be	remand
be	fell
be	carry
be	double
be	sentence
be	halt
be	inaugurate
be	require
be	hit
be	diagnose
be	compel
be	encourage
be	permit
be	known
be	dismiss
be	know
be	take
be	develop
be	inaugurate
be	diagnose
be	mark
be	build
be	raise
be	infect
be	ask
be	nominate
be	develop
be	follow
be	discover
be	commit
be	involve
be	catch
be	dispute
be	present
be	welcome
be	injure
be	take
be	rescue
be	recover
be	recover
be	build
be	set
be	confirm
be	hurt
be	admit
be	charge
be	defame
be	doom
be	dismiss
be	cut
be	block
be	hand
be	hit
be	fire
be	walk
be	kill
be	report
be	see
be	find
be	do
be	force
be	jail
be	sentence
be	hit
be	see
be	hold
be	occupy
be	publish
be	find
be	transport
be	scamme
be	acquit
felt	vindicate
be	ignore
be	find
be	release
be	place
be	draw
be	engineer
be	inspire
be	order
be	divorce
be	suspend
be	capture
be	sign
be	open
be	discharge
be	punish
be	choose
be	baffle
be	kill
be	downgrade
be	release
be	create
be	send
be	adjourn
be	charge
be	support
be	find
be	distress
be	hurt
be	deny
be	certify
be	record
be	complicate
be	monitor
be	present
be	provide
be	distribute
be	donate
be	shoot
be	give
be	observe
be	clarify
be	lock
be	forfeit
be	reconcile
be	employ
be	roll
be	quote
be	quote
be	see
be	hand
be	shoot
be	wound
be	accuse
be	arrest
be	privatise
got	pull
be	convince
be	favor
be	push
be	select
be	propose
be	keep
be	lose
be	raid
be	report
be	involve
be	underestimate
be	bear
be	give
be	arrest
be	complete
be	bear
be	infect
be	cause
be	charge
be	pass
be	arrest
be	take
be	dispatch
be	shoot
be	sideline
be	take
be	bear
be	hire
be	tell
be	allow
be	provide
be	write
be	shut
be	leave
be	involve
be	shoot
be	resolve
be	pay
be	quarantine
be	call
be	prevent
be	create
be	prevent
be	limit
be	set
be	run
be	set
be	execute
be	tell
be	build
be	tell
be	target
be	resolve
be	declare
be	take
be	ask
be	hire
be	aim
be	question
be	caution
be	allow
be	quash
be	catch
be	meet
be	harrangue
be	face
be	enact
be	gutte
be	call
be	cancel
be	write
be	discover
be	identify
be	move
be	carve
be	put
be	see
be	introduce
be	mean
be	affect
be	charge
be	issue
be	appoint
be	bear
be	occupy
be	remind
be	propel
be	suspend
be	kill
be	spot
be	give
be	insert
be	tell
be	do
be	arrest
be	place
be	sign
be	taint
be	settle
be	forgive
be	release
be	aim
be	tease
be	think
be	pack
be	deny
be	arrest
’re	screw
be	honor
be	erect
be	give
be	hold
be	bring
be	allow
be	infest
be	cram
be	send
be	meet
got	engage
be	tell
be	start
be	impact
be	involve
be	involve
be	advise
be	nominate
be	interview
be	use
be	add
be	sign
be	bring
be	load
be	force
be	expect
be	drive
be	back
be	carry
be	mire
be	detain
be	open
be	incarcerate
be	force
be	hand
be	deem
be	conceive
be	suspend
be	suspend
be	pilot
be	extract
be	delay
be	draft
be	reinducte
be	clear
be	expect
be	bear
be	bully
be	resource
be	make
be	stall
be	embolden
be	knock
be	make
be	ask
be	carry
be	deny
be	disseminate
be	cover
be	line
be	offer
be	inaugurate
be	report
be	lambaste
be	steal
be	receive
be	request
be	lay
be	release
be	send
be	post
be	release
be	accuse
be	investigate
be	execute
be	suppose
be	obtain
be	involve
be	damage
be	offer
be	recruit
be	do
be	limit
be	murder
be	suppose
be	test
be	make
be	kill
be	bear
be	find
be	project
’s	convinced
be	reduce
be	silence
be	elect
be	decimate
be	precede
be	conduct
be	include
be	make
be	invite
be	meet
be	present
be	estimate
be	revisit
be	set
be	form
be	convene
be	provide
be	shoot
be	wound
be	send
be	set
be	postpone
be	eliminate
be	expect
be	confirm
be	carry
be	feign
be	reveal
be	honor
be	involve
be	send
be	hit
be	hold
be	arrest
be	heat
be	deem
be	find
be	go
be	build
be	expect
be	involve
be	transport
be	criticise
be	transmit
be	know
be	quash
be	raise
be	cite
be	search
be	cite
be	serve
be	found
be	headquarter
be	go
be	name
