via	mail
at	office
on	Day
with	license
of	child
in	middle
of	drop
at	home
after	school
at	doorway
out	of
of	Prosser
at	bottom
of	ravine
off	road
after	chase
for	Matses
in	capital
of	Iquitos
of	Alaska
by	interview
accord	to
to	Records
off	coast
of	Scotia
accord	to
to	Ser
in	Barcelona
in	history
over	extension
of	contract
at	club
accord	to
to	they
until	security
of	life
at	hospital
accord	to
to	System
from	to
by	means
off	hook
on	Friday
of	committee
for	violence
without	he
with	frogman
off	coast
of	Islands
during	Tamper
in	establish
in	community
off	ground
in	exercise
off	coast
of	Taiwan
on	September
with	mic
after	shift
into	slide
before	enter
off	album
with	Putney
after	month
of	shelter
in	place
in	hood
after	select
in	round
on	defense
off	finish
after	shrug
in	year
on	early
on	Saturday
after	Challenge
in	June
for	professional
from	hit
with	single
of	game
with	down
in	position
of	infection
over	couple
of	day
in	Merritt
of	supporter
on	side
of	barrier
at	corner
of	stadium
for	Force
against	State
on	Wednesday
on	change
off	of
at	Street
in	Denver
of	animal
off	table
in	AEW
by	tell
to	college
of	this
as	something
of	maestro
for	series
of	experimentation
on	series
in	depth
into	ocean
off	guard
with	furlough
with	come
in	move
around	island
of	Matsu
off	just
off	coast
of	mainland
on	list
of	thing
with	Gooden
to	plate
of	arc
with	that
than	ticket
for	travel
off	peak
off	or
off	on
with	Phillip
into	shoe
off	show
in	October
for	third
off	lead
in	and
in	in
of	miss
as	tar
from	Harwood
since	II
with	situation
in	country
than	come
into	office
of	this
to	staff
after	month
after	get
into	classroom
within	hour
after	tornado
from	rope
to	roll
to	victory
of	course
of	change
of	course
with	deal
to	time
in	week
off	question
in	challenge
in	November
with	goal
in	area
through	trauma
off	screen
off	and
off	in
of	imagination
of	all
off	shoulder
to	interwebs
off	recliner
off	ledge
at	deposit
on	zone
on	top
of	mountain
with	chapter
on	people
in	amount
of	time
off	chart
than	toll
at	club
with	trip
to	race
at	series
of	pub
on	way
to	ground
with	woman
off	version
with	ease
in	Wales
of	staff
off	sick
for	time
of	year
of	lawsuit
off	ground
off	card
for	holidaymaker
of	place
with	status
on	July
of	flight
off	of
of	object
in	room
in	debate
as	Commander
in	Chief
for	video
in	Queensland
after	take
from	Coast
into	sunset
on	motorbike
off	coastline
of	state
as	for
for	Oakland
of	try
off	Giolito
on	Wednesday
to	platform
of	glute
from	November
to	today
into	Codebreaker
from	Devlin
in	spot
into	end
into	water
like	seal
of	year
in	Game
of	holdout
with	nuisance
of	battle
to	one
in	City
of	campaign
of	let
off	table
in	Kenosha
over	shooting
with	authority
of	Floyd
during	landing
across	country
in	March
about	host
until	end
of	June
off	just
off	road
through	Green
of	scheme
on	block
as	result
of	get
to	start
for	end
at	conference
to	state
of	Victoria
at	factory
in	spike
of	case
at	stop
of	day
in	Rochester
after	minute
at	restriction
of	supporter
to	Trump
on	Monday
at	House
at	Hotel
in	Westwood
from	job
in	Queens
on	farm
at	school
off	bar
at	moment
in	Jersey
because	not
because	just
because	of
because	discussion
in	Jersey
at	end
of	night
against	printout
at	moment
off	price
at	least
of	party
with	celebration
at	conclusion
of	match
in	Auburn
off	just
off	of
of	Interstate
at	notice
amid	heatwave
over	Murray
of	Britain
on	night
in	province
of	hospital
outside	room
from	street
in	May
to	lockdown
by	raise
from	investor
off	list
off	of
of	ringside
against	Harvard
in	game
in	championship
in	all
to	list
of	list
of	entertainment
along	with
with	tombstone
about	fraud
off	Facebook
for	term
with	Holocaust
on	platform
besides	offer
on	YouTube
for	vehicle
for	those
in	comfort
of	car
between	March
off	market
on	she
to	event
in	gown
to	perfection
of	campaigning
in	hometown
of	Scranton
with	couple
of	stop
in	Wilmington
at	Airport
with	Finnegan
of	television
at	Verve
for	part
without	hitch
on	August
on	journey
from	which
off	way
off	Blanca
with	crew
in	quarter
before	walk
off	floor
with	win
on	injustice
on	racism
of	emotion
accord	to
to	plan
with	injury
after	minute
off	line
at	help
off	field
in	room
up	stair
into	bathroom
in	corner
of	room
in	tub
with	child
to	friend
in	moment
about	it
like	so
with	husband
in	UK
of	scientist
in	favour
into	direction
in	specie
as	such
as	parrot
off	of
of	other
in	cream
off	top
of	bottle
of	pleasure
of	Dairy
near	Fyvie
in	Aberdeenshire
about	willingness
off	ground
for	reality
of	it
from	everything
in	desert
in	tank
in	dirt
with	toilet
with	guy
of	photo
of	employee
in	state
of	undress
in	Portland
in	June
for	dining
than	dine
at	one
with	message
in	camp
on	Friday
for	airport
in	time
to	profiling
in	return
by	Clark
as	to
to	happen
off	ballot
by	mean
by	name
in	world
off	long
off	tee
of	driver
of	ball
on	TOUR
in	season
on	decision
follow	recommendation
from	Team
to	number
off	back
as	girl
to	actress
about	experience
of	discrimination
on	and
on	off
as	chief
off	pass
from	James
with	second
as	project
for	teenager
for	safety
during	quarantine
with	launch
off	of
of	soil
since	April
in	trial
for	economy
with	outbreak
off	growth
by	foot
of	game
at	start
of	bid
off	back
off	Liverpool
in	relationship
with	Steve
throughout	show
on	Brandon
off	ground
in	lineup
since	January
on	list
near	end
of	season
of	game
against	State
near	end
of	season
in	Tigray
around	just
around	time
on	Wednesday
to	cabin
aboard	ship
off	result
amid	evidence
for	cluster
of	case
during	voyage
in	February
with	demolition
of	Center
on	Rd
on	July
off	bench
to	win
over	Word
on	Saturday
to	Bahamas
off	forecourt
in	dye
before	wait
off	eye
on	campaign
in	way
in	year
from	swim
in	Wanaka
in	place
after	come
towards	Cone
through	Wanaka
in	week
off	list
to	model
through	cover
for	four
before	set
to	Michigan
of	colleague
for	he
at	Speedway
on	Sunday
at	track
with	problem
off	chest
with	feeling
with	single
by	time
of	homeless
out	of
out	and
out	off
of	hotel
from	sun
during	protest
on	McCaffrey
on	drive
at	Union
in	Phoenix
that	one
in	enough
from	this
from	toss
off	building
down	hall
to	wing
with	bell
for	I
with	I
on	defense
of	man
in	league
off	bench
off	and
off	late
in	game
under	sign
for	need
to	other
of	service
off	guard
to	March
after	quarter
during	use
during	stage
with	Lana
during	meeting
in	tear
of	head
of	bar
accord	to
to	record
off	protector
on	leg
in	pain
in	week
for	he
during	round
of	Open
in	order
despite	fact
against	coronavirus
to	complication
include	death
between	Trudeau
from	manufacturer
off	board
on	Tuesday
with	report
with	Jackson
for	long
for	win
on	Bishop
in	December
for	fire
than	one
to	see
on	she
during	episode
in	Processing
as	Ackman
over	dinner
at	even
at	wedding
off	girl
of	US
of	legitimacy
with	call
on	Facebook
from	non
from	emergency
on	topic
in	culture
at	location
around	town
with	meal
like	flick
of	trafficking
off	street
to	country
in	brutal
off	opponent
between	group
outside	London
outside	station
with	firework
off	area
to	Drive
off	Street
to	collision
in	block
of	Road
in	Harwood
off	road
of	sponsor
toward	child
during	holiday
along	baseline
in	air
of	board
to	Faulkingham
from	fanbase
for	save
by	all
by	himself
for	Ecclestone
for	measure
as	diversion
with	haul
in	truck
for	Seifeldin
with	behave
off	campus
over	activity
for	parent
of	child
about	risk
of	infection
from	surface
like	playground
off	limit
in	city
like	Toronto
for	month
of	evidence
for	time
in	series
of	universe
on	journey
for	Woods
at	Championship
since	miss
at	Open
off	tee
with	Bush
after	attend
on	February
at	Speedway
in	Beach
as	time
for	cyclist
from	force
from	group
into	Sea
near	Peninsula
of	complex
of	basis
into	courtyard
inside	Palace
after	shutdown
in	deep
in	first
with	run
by	take
from	to
of	tr
of	tactic
from	then
from	on
for	reach
from	there
against	crew
due	to
due	injury
with	they
to	match
with	Lariat
about	boy
of	fall
in	spring
from	spinner
over	match
at	Oval
on	Sunday
with	joy
through	street
of	York
from	with
with	Jo
on	Amazon
off	price
off	bat
of	golf
in	row
off	Guineas
during	conference
in	Boston
off	shelf
for	suggestion
without	curfew
off	island
under	pressure
in	funeral
of	status
of	free
of	brave
with	telephone
off	hook
as	being
in	America
of	brand
of	independence
with	ambition
of	case
down	road
of	live
to	couple
in	competition
of	which
off	bench
like	that
of	pressure
off	lot
of	guy
on	team
from	way
for	third
at	Warren
through	boxing
than	anything
with	mind
at	cat
to	cub
to	ground
off	attempt
against	Tigers
against	SLO
in	which
of	attempt
than	thrower
with	ability
with	leg
in	car
in	lot
on	mind
off	chest
though	hair
through	Sunday
in	City
off	table
for	intransigence
after	January
off	look
by	apply
over	all
over	body
for	she
of	most
after	handbag
in	culture
from	collection
on	medium
during	final
with	performance
in	Game
off	bench
on	service
in	final
off	field
on	everyone
at	club
with	M
of	mask
in	America
to	Cassandra
to	but
without	not
without	thank
for	pay
for	room
by	way
with	father
to	castle
of	illiteracy
of	rice
with	treat
in	trial
off	movement
of	match
after	minute
after	that
from	rally
on	stage
on	and
on	off
from	through
without	he
of	guy
off	back
in	betting
despite	be
in	weight
of	alley
off	Garden
off	bike
with	km
about	set
on	one
of	trail
with	daughter
for	walk
for	kick
with	arrow
off	medication
in	Toronto
in	Jersey
during	trip
of	song
with	lyric
for	one
for	year
at	level
on	road
on	perform
to	halt
of	escapism
from	world
for	bit
by	open
on	icon
to	name
from	fan
of	draw
for	consumer
than	YouTubers
on	accessibility
to	follower
by	melt
with	solo
on	game
in	post
on	Instagram
off	idea
off	list
after	concern
over	gathering
for	senior
off	property
over	off
over	Cottrell
on	head
from	desire
off	of
of	people
at	angle
include	leg
of	rocket
to	military
into	Ocean
off	coast
of	Africa
about	possibility
of	get
from	home
off	screen
for	long
off	grid
to	I
about	plan
from	work
at	home
to	I
of	it
at	bend
over	deliberately
over	midline
in	crisis
than	without
without	crisis
on	and
on	off
like	twinkle
on	tree
on	day
to	work
off	right
off	bat
from	people
in	pot
off	ship
in	paper
as	director
about	be
as	individual
off	screen
out	of
of	they
on	screen
as	evasive
in	front
of	court
of	opinion
in	favor
of	tops
with	water
until	full
of	travel
of	ZombiesI
with	Zombie
off	bone
at	location
with	investigation
near	high
of	jitter
as	anticipation
of	turbulence
off	edge
at	outset
of	record
for	County
off	road
at	exit
of	cloud
in	search
of	expert
in	not
in	office
in	but
in	on
beside	southbound
in	alley
off	Avenue
at	encampment
on	block
in	Nuys
off	saving
of	it
in	car
in	year
of	girl
to	Division
by	step
of	billion
in	state
of	this
to	they
off	street
of	folk
off	limit
with	ep
at	place
on	be
into	head
of	nonsense
off	of
of	name
against	censorship
of	I
with	that
of	jumping
for	film
to	person
off	stage
off	or
off	out
of	studio
to	version
of	myself
off	page
through	Ethiopia
into	ravine
of	choosing
after	game
in	case
of	timing
of	Topper
in	facility
to	home
in	addition
to	lack
of	need
for	alliance
in	addition
to	pickup
in	lot
off	Street
at	corner
at	and
at	in
of	Park
off	Drive
on	side
of	Park
in	group
to	football
in	letter
to	member
on	Wednesday
of	State
for	reason
in	extract
from	Freedom
of	Family
in	April
for	price
of	dollar
for	price
of	dollar
in	confrontation
with	ex
with	boyfriend
in	reply
as	update
to	fan
into	season
from	sible
from	Coupe
from	pad
of	range
off	coast
in	Francisco
on	dining
because	of
because	rate
in	Dundee
in	echo
of	storm
off	coastline
in	Collaroy
in	June
in	area
in	episode
of	World
with	Taiju
in	search
of	recruit
for	kingdom
of	science
with	optimism
over	outlook
for	economy
in	December
to	truce
in	war
into	ocean
off	coast
in	lieu
of	tactic
with	idea
off	location
at	beginning
of	parade
in	October
at	conference
at	House
off	impeachment
in	order
in	view
of	hemodynamic
after	day
in	segment
on	consultation
with	Hospital
on	teleconsultation
with	Practo
on	subscription
for	pregnancy
in	return
of	corruption
among	atrocity
in	case
as	Group
with	chain
in	term
of	commentary
in	location
in	spirit
out	of
of	way
off	right
off	bat
in	season
for	NBA
on	and
on	off
in	aftermath
from	intensify
in	hour
of	morning
in	photo
with	backside
to	camera
to	side
at	hair
in	hand
of	chef
as	gimmickry
during	meal
at	Cube
in	aftermath
of	datum
off	phone
to	megabyte
in	pic
of	cleavage
in	dunk
after	step
inside	line
off	dunk
in	period
in	game
off	scoreboard
in	town
of	Mallacoota
by	boat
in	clip
to	tune
around	I
in	video
on	ground
in	morning
on	ground
in	case
off	guard
from	report
in	Wing
accord	to
to	source
in	program
of	agent
in	scenario
across	Europe
in	game
of	monster
by	night
by	day
in	July
at	Memorial
in	County
in	community
as	health
with	smoothie
on	pecan
of	life
off	school
of	you
of	house
on	April
at	pm
for	minute
against	coronavirus
to	refinance
of	tentacle
as	such
as	attack
in	Gaza
in	Syria
for	now
off	coast
of	Strip
until	notice
with	baby
for	strategy
without	minister
of	that
in	mix
off	Nigeria
for	crew
from	spread
throughout	economy
in	middle
of	night
of	coronavirus
during	sale
with	go
on	morning
of	Friday
of	leake
with	coach
for	day
to	race
on	wildfire
of	people
off	guard
about	this
for	decider
off	road
of	leave
to	employee
in	case
during	crisis
to	I
to	start
in	match
on	field
against	Loyiso
off	field
of	that
on	list
in	sale
on	sideline
about	shutdown
in	those
on	display
in	Glasgow
to	buyer
in	gallery
over	time
off	page
for	many
within	Bersatu
within	faction
of	PKR
to	Anwar
of	York
of	war
as	consult
off	of
of	taxis
at	half
of	pressure
off	of
of	he
in	middle
of	night
from	heat
of	night
within	parameter
about	liberty
during	epidemic
of	district
from	blow
off	tulip
on	meter
of	cost
at	especially
at	time
of	year
off	right
off	highway
past	time
to	course
in	Carolina
after	delay
of	tumult
for	couple
of	nightmare
with	press
in	crash
at	night
over	water
off	Vineyard
in	activity
with	woman
for	decade
along	with
along	corporation
with	people
with	interest
in	protect
as	one
of	site
in	Sea
off	coast
of	Columbia
of	ecosystem
of	five
for	haul
of	hype
about	this
in	ring
of	work
during	break
in	picture
in	history
off	of
of	page
for	family
in	City
off	mark
with	early
with	win
off	of
of	outing
against	Baltimore
against	defense
in	decade
for	team
in	district
in	house
at	time
off	work
about	OT
on	scoreboard
as	authentic
as	aware
of	Danish
through	halfway
through	of
of	video
up	what
up	to
off	of
of	stage
at	night
into	shock
at	speed
on	subdivision
along	with
with	measure
with	time
at	hotel
on	and
on	off
for	something
for	license
for	car
in	late
in	first
by	score
within	one
of	oversight
before	resume
at	back
of	head
from	news
in	place
of	Skowhegan
in	match
of	Basketball
of	pre
of	qualifier
in	Nairobi
to	puck
of	goal
from	win
over	Boston
on	Sunday
at	end
of	route
after	shortly
in	League
at	Astana
at	home
to	Alkmaar
to	start
in	League
in	game
of	season
for	block
from	continue
at	location
off	of
of	Place
of	night
off	again
off	Richards
with	out
in	third
in	time
with	touch
off	Tapsoba
off	and
off	over
of	halftime
on	eve
of	Department
of	meeting
of	Labour
with	management
on	Thursday
with	effect
like	Musgrove
like	Braithwaites
off	practice
of	TX
on	list
of	pardon
to	they
to	Director
off	market
down	aisle
during	outdoor
of	Ullico
in	puddle
into	bob
with	Nike
on	point
of	Sauvignon
off	path
at	it
of	England
on	Thursday
after	lockdown
with	go
of	product
over	day
at	all
at	saving
off	price
of	tv
to	those
in	digital
with	bounce
off	bench
on	shooting
include	make
from	beyond
beyond	arc
with	Lies
of	Lamora
in	minute
off	inside
of	upright
of	goalkeeping
by	ask
give	state
give	now
of	economy
with	gift
to	community
off	of
of	side
for	and
for	against
in	week
of	lockdown
on	leave
without	benefit
for	time
off	year
without	information
about	when
for	property
to	post
past	Gea
for	questioning
of	decision
in	inning
with	Seager
for	single
before	Campbelle
in	front
of	stump
by	start
despite	injury
for	access
to	station
off	of
of	Road
on	replacement
on	go
to	gym
for	bit
in	stand
for	what
on	Sunday
in	Osaka
at	Arena
with	spectator
as	part
of	effort
of	virus
for	fisherman
in	water
off	province
accord	to
to	network
off	carrier
in	Fremantle
to	quarantine
as	part
of	grouping
of	truck
than	one
of	campaign
at	stop
in	Regina
on	bus
to	Company
on	one
before	lay
to	Rossi
at	goal
off	app
to	ui
in	process
to	ferry
off	island
through	interview
with	realclearpolitic
in	cabin
in	era
of	politic
off	Ocean
for	day
until	least
until	end
of	weekend
in	tear
for	pray
at	funeral
of	woman
in	bathroom
to	lose
in	District
from	No
from	Illinois
from	Dosunmu
for	victory
from	left
in	peach
off	crossbar
with	Canadiens
at	Centre
in	Montreal
against	Jets
of	caregiver
off	work
for	they
near	Keelung
of	city
in	south
off	sideline
in	response
to	burst
of	money
for	year
with	she
in	home
in	month
before	attack
in	document
as	Crescent
in	Aberdeen
with	end
of	relationship
off	rail
on	staff
with	player
through	piece
on	phone
off	chart
off	ledge
in	value
with	teacher
for	stretch
for	weight
to	you
off	Strowman
as	pile
of	snow
of	NDP
about	prospect
of	partnership
between	party
in	attempt
on	obstacle
when	charge
on	still
on	boat
during	hunt
for	suspect
for	Washington
on	Sunday
for	meeting
with	president
beyond	expectation
in	China
of	those
in	China
in	and
in	globally
of	Eatontown
at	Pizzeria
for	week
in	September
for	night
of	Year
accord	to
to	lawsuit
of	item
to	beneficiary
in	ward
of	coronavirus
of	night
at	Field
in	Station
on	night
off	shelf
in	dinner
in	that
off	cliff
of	show
on	Netflix
for	download
off	list
off	healthy
off	of
of	dialysis
in	installment
of	Avs
v.	Stars
of	Foes
in	XI
to	duty
to	Victoria
in	season
as	result
of	emergency
before	just
before	pm
as	threat
off	area
to	neighborhood
on	Court
off	of
of	Road
after	Assault
with	call
for	service
off	table
of	idea
of	sex
with	BÃ¼ndchen
on	podcast
on	Thursday
on	and
on	off
on	April
on	mission
off	coast
of	Jersey
on	tour
for	like
of	Earle
of	school
on	extradition
on	plane
to	Australia
in	second
with	name
with	police
on	horseback
as	freedom
across	city
from	itself
into	distance
behind	we
at	viewer
with	woman
into	it
during	attack
of	thing
before	speed
into	distance
through	window
of	nose
out	door
in	match
with	homeowner
on	night
into	work
at	box
into	park
on	Friday
in	pod
of	swimmer
of	age
into	Linnhe
from	beach
to	Gaul
down	side
of	Linnhe
on	loan
in	semi
in	final
with	injury
off	virus
on	Hashanah
off	year
with	table
of	sign
throughout	holiday
of	sign
of	time
on	couch
on	with
with	activity
off	hour
on	podcast
in	state
until	September
on	date
on	in
off	coast
of	Jersey
on	Tuesday
to	start
vs.	Titans
in	City
off	dole
like	defendant
about	support
off	way
off	mark
base	on
on	procedure
for	we
off	picture
of	employee
to	home
in	Winnipeg
for	staff
on	matter
from	party
with	turn
with	beading
off	of
of	it
through	water
for	Trump
from	away
on	behalf
on	Thursday
in	Dublin
for	Americans
of	July
about	festivity
into	state
of	precarity
for	another
on	basis
to	day
in	week
in	season
to	Cleveland
off	topper
in	direction
of	reel
on	account
of	fan
in	comfort
of	home
on	Island
off	coast
of	Townsville
on	Saturday
near	Avenue
into	place
to	cluster
of	building
with	friend
to	Ave
in	Bronx
for	one
of	store
inside	building
at	pm
in	debate
of	campaign
off	of
of	One
with	reporter
before	depart
from	Airport
in	Morristown
in	Ayade
on	tour
during	career
from	wrestling
on	October
through	October
than	month
before	arrive
to	school
in	July
at	event
in	Vegas
for	health
at	UCL
off	ventilator
from	off
off	well
off	speed
in	heavy
at	dubbo
despite	rise
in	weight
off	bench
in	minute
of	play
without	consultation
off	alcohol
than	virus
in	strategy
over	closure
with	Australia
to	state
by	release
from	bowler
over	match
at	Oval
of	garden
to	UMaine
on	day
of	protest
after	turn
in	jail
of	land
of	game
in	question
for	those
from	distance
on	charge
off	stage
of	rocket
about	size
of	van
accord	to
to	military
of	object
off	just
off	coast
of	Africa
of	pandemic
in	place
in	March
on	activity
with	drop
of	worker
as	such
as	Nordstrom
for	example
on	page
to	website
to	and
to	off
by	hundred
of	kilometer
for	even
for	forecast
of	day
off	right
off	bat
about	efficacy
of	have
from	Plc
in	law
in	dress
on	carpet
of	school
in	March
for	college
as	musician
at	work
to	count
include	cluster
of	case
at	hospital
by	stand
on	bar
of	rule
among	they
about	server
in	saint
in	affair
off	of
of	laptop
for	gaming
on	range
of	iPhones
at	ATT
of	year
out	of
of	Dakota
with	kill
off	of
of	attempt
to	faith
in	institution
to	face
about	mean
for	country
to	wave
over	Sea
over	and
over	along
on	Tuesday
in	head
into	debate
as	runner
off	finish
in	January
in	poll
after	Horton
at	Championships
of	drama
with	catch
for	touchdown
in	minute
on	end
before	up
from	halfway
into	lead
for	ball
include	earring
off	bench
along	with
with	Boado
with	manicure
over	thigh
out	of
of	there
off	trolley
as	plank
off	work
from	job
with	Village
on	friend
around	townhouse
with	pair
of	Crystal
of	look
without	doubt
without	hair
with	they
by	second
over	span
of	year
at	store
in	Berryville
to	bed
with	hope
in	morning
to	side
of	like
of	Collins
at	Canopy
by	Seef
after	time
off	work
of	it
of	debris
near	pit
on	Street
off	Road
in	Perambur
at	risk
for	accident
off	bride
in	NRL
of	value
with	fire
of	player
of	despair
as	song
of	hope
at	point
in	writing
off	ship
for	example
to	get
off	pedal
of	switch
on	thing
off	field
for	bed
to	see
for	story
of	course
by	end
of	they
off	road
off	Corvette
off	line
off	meter
off	time
in	conditioning
before	get
because	just
because	of
because	heat
of	they
about	happen
to	Portland
in	quarterfinal
with	loss
to	Deering
into	soil
around	root
to	cycle
for	everyone
on	offense
off	of
of	he
of	Tannehill
on	podcast
between	flavour
as	latter
by	stroke
in	Championship
for	victory
for	White
in	League
for	time
since	December
with	presumably
with	Grealish
with	in
in	mind
off	pace
as	part
of	three
through	November
off	purchase
off	purchase
off	and
off	off
with	line
by	light
of	scene
inside	resort
in	Vegas
on	Avenue
off	just
off	Strip
as	Hotel
with	rant
of	government
in	States
on	Buy
off	price
of	festival
during	pandemic
off	guard
of	politic
for	Latinos
around	world
on	fear
of	coronavirus
with	management
over	payment
with	demand
for	month
for	period
from	owner
from	right
before	parade
in	scrub
with	rendition
on	Vive
in	cockpit
of	spaceship
into	space
at	crease
at	stump
at	Etihad
due	to
due	effect
of	Ciara
in	West
for	bankruptcy
for	fee
off	cliff
among	group
of	local
to	Nowra
by	bus
on	Tuesday
of	necessity
until	tomorrow
off	air
along	with
with	Rouse
off	bench
for	EWU
as	roll
of	village
in	district
of	Pradesh
from	world
in	river
on	Tuesday
with	Man
by	rip
off	of
of	body
with	snap
by	two
in	seventh
with	out
off	pole
in	field
on	count
of	drama
in	which
of	court
in	way
off	hook
for	reason
on	News
until	July
of	year
off	street
for	ransom
since	crusade
into	quandary
of	herself
alongside	Book
in	year
as	Saru
off	price
off	price
than	during
during	Friday
in	minute
as	cross
from	left
of	box
off	bar
of	legacy
to	begin
off	stage
off	table
in	Hamburg
in	pull
in	one
of	market
of	highlight
of	life
onto	trip
to	jet
to	resort
to	story
on	Friday
at	beach
at	home
on	Lake
in	Dedham
with	Miller
off	season
as	pro
during	film
at	time
for	moviemaker
of	prototype
at	Range
off	coast
at	rate
to	housing
at	Loyola
accord	to
to	email
to	student
off	semester
with	proceed
of	crop
with	money
to	start
as	one
of	device
to	speaker
of	semen
on	clothing
with	account
of	fight
into	attack
of	pharmacy
to	pharmacist
in	process
off	player
from	be
by	release
of	second
with	team
off	apron
to	floor
with	splash
in	trading
from	cent
from	to
per	share
before	level
per	share
as	of
without	scorer
off	fill
as	guard
from	illness
of	Investigation
out	of
of	Amity
off	shore
of	River
by	Road
in	town
of	Willing
about	bomber
with	staff
outside	venue
before	set
of	point
on	scoreboard
with	single
from	Trautwein
by	score
in	innings
off	Lavelle
of	Fredericton
with	sentiment
in	support
of	community
of	protest
over	killing
of	Floyd
in	Minneapolis
about	experience
through	music
without	tackle
on	list
from	Titans
of	streak
by	beat
in	overtime
to	employee
from	Wuhan
with	pass
from	Miller
to	Price
on	Glas
from	Brixham
on	Friday
off	mile
off	Regis
in	Dorset
across	whale
on	Service
by	provide
in	person
like	box
in	Colorado
of	Blofeld
on	travel
in	India
from	day
in	location
of	respond
to	player
against	ship
as	such
as	carrier
in	crisis
off	mile
off	Taiwan
of	Chain
at	Gaming
off	price
off	guard
of	resignation
by	doctor
from	hospital
with	Sanquin
from	patient
in	hope
of	turn
in	Bull
of	Mercedes
on	uncharacteristic
off	day
for	champion
for	restart
in	July
with	track
to	good
in	front
of	hopeful
with	device
of	thriller
around	world
of	rhetoric
from	US
at	Wuhan
for	release
of	coronavirus
to	risk
off	tone
into	market
with	Championship
at	Registration
for	team
of	two
of	Floyd
in	moment
of	silence
for	man
in	custody
in	Minneapolis
in	May
of	unrest
of	two
from	Thetford
before	fall
below	well
below	chest
off	Road
of	Road
in	Forest
from	sea
from	water
off	Greenland
before	kill
from	mile
from	destination
around	edge
of	thing
onto	floor
with	skirt
in	stroller
with	injury
against	Atalanta
as	doubt
for	match
with	Rico
by	post
of	himself
with	game
in	day
as	stretch
of	time
within	district
than	normal
for	presidency
of	membership
with	candidate
at	ground
off	night
off	hook
for	bit
to	try
by	decision
off	list
of	destination
in	number
of	case
in	estimate
off	way
off	mark
to	it
to	State
off	point
off	turnover
for	University
compare	to
for	Gamecocks
of	life
in	episode
of	flight
from	airport
on	board
in	statement
in	view
of	take
of	outfit
in	zone
in	Square
off	campus
with	close
in	arrest
off	trail
in	chamber
at	intersection
as	price
for	roadway
in	paint
off	turnover
in	game
among	broadcast
as	part
of	project
to	public
of	Party
on	steal
off	turnover
on	occasion
in	July
off	ground
with	hand
in	Bowl
for	game
with	word
to	incident
by	Guard
at	around
on	Monday
in	affair
after	stretch
in	quarter
into	half
to	capacity
with	get
at	facility
over	firing
of	Warsame
at	end
of	September
for	spend
off	task
of	point
inside	arc
at	line
at	store
near	Place
despite	sign
in	front
of	window
of	piece
into	strip
of	fabric
down	center
on	side
in	California
during	pandemic
with	presentation
of	show
to	awakening
across	country
to	spot
in	AFC
in	order
due	to
due	datum
of	case
on	March
amid	pandemic
off	Sihanoukville
alongside	talent
include	Cagney
in	version
after	conduct
from	Vinson
off	coast
with	Company
with	Meghan
for	themselves
off	of
of	it
to	news
from	world
of	offering
to	Pantry
off	cloud
of	weather
of	people
on	Beach
in	Sausalito
on	video
off	beach
on	Saturday
off	clay
at	Gallery
to	Africa
of	character
from	version
for	season
to	start
with	episode
on	IMDb
with	Israel
for	entry
in	appear
off	back
about	have
about	impact
on	economy
in	month
accord	to
to	Director
in	October
in	pudding
like	firecracker
as	such
as	Eagle
between	high
of	wind
due	to
due	difference
in	pressure
between	system
off	just
off	coastline
at	am
on	Valley
as	season
in	era
in	Nevada
in	month
in	season
off	of
of	system
into	category
like	strike
off	record
around	area
of	pressure
off	just
off	coast
until	year
with	plenty
of	opportunity
than	time
in	loss
to	State
in	which
about	UNLV
without	hitch
off	that
to	dvd
on	Buzz
off	room
for	shower
through	evening
after	sunset
with	weather
off	Chatham
in	afternoon
for	describe
as	season
with	victory
at	championship
in	Dubai
for	Race
to	crown
in	year
for	lap
before	hand
to	Hamilton
in	control
until	lap
at	Maggots
off	Tauri
in	September
of	year
off	far
off	mark
near	House
for	Price
for	breach
over	season
of	Woodinville
in	room
at	Center
after	airlift
off	mountain
of	one
in	way
off	centre
into	kink
in	County
off	island
to	victory
in	Denver
of	get
to	start
in	lineup
with	reveal
of	Infinite
with	fusion
of	element
from	cancellation
of	flight
of	tourist
to	region
in	mile
of	iceberg
on	edge
of	Antarctica
of	mini
of	submarine
in	region
from	submarine
off	coastline
with	couple
of	bulb
for	miniature
from	store
in	town
off	air
at	moment
like	rocket
than	available
at	Cave
with	hike
to	Cave
between	economy
with	apply
to	product
to	China
as	adult
for	lick
in	front
to	count
to	force
in	run
in	Tour
on	Saturday
in	Lauderdale
in	combat
with	thong
of	people
at	company
in	Narva
in	County
after	knock
in	round
in	quarterfinal
off	road
from	drive
in	direction
along	shoulder
before	plunge
accord	to
to	News
among	people
off	of
of	wall
at	Bank
off	North
of	vinegar
to	machine
before	set
of	food
at	end
of	cycle
like	chisel
by	carve
of	interest
in	be
in	line
with	guidance
to	side
to	troop
on	Thanksgiving
from	beach
from	look
in	direction
of	Club
after	attack
in	Cumbernauld
on	Wednesday
with	family
of	agent
towards	end
of	episode
of	season
with	lilac
with	leave
on	cut
to	Heels
with	machine
on	cart
outside	centre
off	phone
under	measure
to	schedule
on	night
on	aggregate
despite	loss
at	home
in	match
from	soil
off	thank
to	coronavirus
as	such
as	constant
off	bike
at	risk
of	cut
from	other
as	being
base	on
on	grape
of	people
over	marijuana
of	drug
off	of
of	injury
with	this
on	be
than	excrement
on	shoe
off	sofa
off	and
off	out
of	house
in	fabric
off	price
employ	worker
of	Home
at	Avenue
from	station
at	Ridgeland
to	club
on	and
on	off
of	play
in	rule
as	October
off	list
from	envelope
through	machine
at	location
in	Triangle
for	Beckman
with	result
of	caucus
under	pressure
with	split
out	of
of	leg
to	same
of	diagnosis
in	China
on	board
of	Yokohama
like	drop
of	Malones
off	Lake
at	midmorne
of	build
on	day
of	hunting
in	zone
to	side
of	Road
of	Fire
near	Canyon
on	Thursday
on	day
off	block
on	Live
to	all
to	and
to	continue
of	you
on	trip
off	rail
with	kick
with	and
with	result
in	centre
between	hour
in	day
at	area
in	bag
about	night
to	I
in	Penh
for	return
to	Area
off	ship
at	first
of	move
to	car
off	screen
from	centre
of	town
in	hand
to	climate
into	skin
accord	to
to	Pfeffer
with	complexion
on	board
off	bone
into	slice
on	bone
in	app
from	row
of	icon
at	foot
of	screen
with	scene
in	forest
before	switch
to	image
of	dread
from	land
over	Atlantic
at	border
after	spread
over	journey
from	Nicaragua
in	order
into	company
as	director
for	Trump
with	event
at	megachurch
of	Accord
of	other
in	Attendant
to	people
with	disability
under	rule
in	match
at	time
off	of
of	system
with	life
over	fitness
of	Rashford
with	problem
for	part
of	month
against	PSG
off	just
off	suffer
from	wound
of	hair
to	root
as	possible
off	root
of	worker
in	week
on	travel
in	order
in	April
after	season
on	television
on	climb
to	summit
from	incident
off	of
of	I
as	to
to	run
in	accident
on	Square
off	stage
at	record
on	Thursday
about	outbreak
on	good
off	meter
off	shore
through	store
for	member
of	public
on	pathway
with	loan
in	manifesto
of	blazer
as	ever
since	production
in	March
off	pedal
at	first
in	love
on	January
on	become
for	Trump
in	Arizona
in	November
with	heat
with	nuke
than	one
for	staff
off	work
through	comparison
of	EKSU
for	university
by	little
of	department
to	record
with	win
against	Lakers
at	foot
off	information
of	Celina
in	society
in	good
of	time
in	position
after	lay
for	safety
for	homeless
in	conjunction
with	bunch
of	service
off	drug
into	mainstream
off	set
through	spectrograph
from	McMahon
to	close
for	reflection
of	frustration
from	year
as	Lily
off	bus
of	situation
in	November
for	week
in	work
without	hesitation
on	get
with	lesson
from	map
in	mind
off	hook
as	member
of	group
to	base
about	this
on	desk
on	it
as	want
as	kid
into	need
for	help
of	show
on	timing
of	claim
in	case
in	call
off	of
of	it
at	age
to	school
as	legend
out	of
of	uniform
on	day
from	school
during	playing
off	lot
with	anger
to	magic
off	field
off	ground
of	satellite
with	sunshade
for	everyone
from	Brennan
with	pass
in	quarter
in	vehicle
at	location
for	kid
of	Family
in	just
in	time
with	dream
off	ground
about	pay
for	retirement
on	conflict
for	team
on	sea
with	Mandalorians
with	Lady
like	recipe
for	disaster
for	least
for	tweet
from	fan
at	chake
out	of
of	window
for	Scully
over	all
over	country
off	road
in	rental
to	about
about	percent
in	month
for	care
for	assistance
for	allowance
because	of
because	status
about	pay
from	problem
to	People
on	card
at	council
in	April
after	move
from	Queensland
into	venture
off	loss
to	Maryland
with	game
with	MoralesSackboy
like	man
on	console
at	launch
of	opportunity
in	both
in	term
of	gameplay
without	go
into	spoiler
of	series
of	misery
without	proof
for	month
of	siphon
from	user
for	benefit
of	Beijing
with	vacation
off	table
for	being
of	they
to	home
with	keep
off	road
off	and
off	out
of	sky
around	world
with	monitor
off	price
on	baby
without	march
off	clock
on	possession
in	north
with	office
in	NCR
to	region
off	couch
in	day
of	planting
with	penalty
on	amount
than	earn
on	deposit
of	cricket
with	thing
off	bookshelf
at	Barnes
of	bird
about	head
of	crowd
to	tackle
off	shelf
like	wacko
like	commuter
to	work
from	packaging
of	fight
with	people
to	home
for	friend
without	have
with	you
with	laptop
into	eye
than	under
under	Mugabe
by	beat
by	evening
with	firefighter
in	town
of	Elkhart
